#
# There is insufficient memory for the Java Runtime Environment to continue.
# Native memory allocation (mmap) failed to map 7340032 bytes. Error detail: G1 virtual space
# Possible reasons:
#   The system is out of physical RAM or swap space
#   This process is running with CompressedOops enabled, and the Java Heap may be blocking the growth of the native heap
# Possible solutions:
#   Reduce memory load on the system
#   Increase physical memory or swap space
#   Check if swap backing store is full
#   Decrease Java heap size (-Xmx/-Xms)
#   Decrease number of Java threads
#   Decrease Java thread stack sizes (-Xss)
#   Set larger code cache with -XX:ReservedCodeCacheSize=
#   JVM is running with Unscaled Compressed Oops mode in which the Java heap is
#     placed in the first 4GB address space. The Java Heap base address is the
#     maximum limit for the native heap growth. Please use -XX:HeapBaseMinAddress
#     to set the Java Heap base and to place the Java Heap above 4GB virtual address.
# This output file may be truncated or incomplete.
#
#  Out of Memory Error (os_windows.cpp:3926), pid=24472, tid=1288
#
# JRE version: OpenJDK Runtime Environment (21.0.10) (build 21.0.10+-14961533-b1163.108)
# Java VM: OpenJDK 64-Bit Server VM (21.0.10+-14961533-b1163.108, mixed mode, tiered, compressed oops, compressed class ptrs, g1 gc, windows-amd64)
# No core dump will be written. Minidumps are not enabled by default on client versions of Windows
#

---------------  S U M M A R Y ------------

Command Line: -Djava.awt.headless=true -Djava.library.path=C:\Program Files\Android\Android Studio\jbr\bin;C:\WINDOWS\Sun\Java\bin;C:\WINDOWS\system32;C:\WINDOWS;C:\Program Files (x86)\VMware\VMware Workstation\bin\;c:\Users\Abc\AppData\Local\Programs\cursor\resources\app\bin;C:\Program Files\Common Files\Oracle\Java\javapath;C:\Program Files (x86)\Common Files\Oracle\Java\java8path;C:\Program Files (x86)\Common Files\Oracle\Java\javapath;C:\Windows\system32;C:\Windows;C:\Windows\System32\Wbem;C:\Windows\System32\WindowsPowerShell\v1.0\;C:\Windows\System32\OpenSSH\;C:\Program Files\NVIDIA Corporation\NVIDIA App\NvDLISR;C:\Program Files (x86)\Microsoft SQL Server\160\Tools\Binn\;C:\Program Files\Microsoft SQL Server\160\Tools\Binn\;C:\Program Files\Microsoft SQL Server\Client SDK\ODBC\170\Tools\Binn\;C:\Program Files\Microsoft SQL Server\160\DTS\Binn\;C:\Users\Abc\AppData\Local\Microsoft\WindowsApps;C:\Users\Abc\.dotnet\tools;C:\adb;C:\Program Files (x86)\NVIDIA Corporation\PhysX\Common;C:\Program Files\Microsoft SQL Server\150\Tools\Binn\;C:\WINDOWS\system32;C:\;C:\Program Files\dotnet\;C:\Program Files\Git\cmd;C:\wamp64\bin\php\php8.3.14;C:\Users\Abc\AppData\Roaming\npm;;C:\WINDOWS;C:\WINDOWS\System32\Wbem;C:\WINDOWS\System32\WindowsPowerShell\v1.0\;C:\WINDOWS\System32\OpenSSH\;C:\Program Files\Apache\maven\bin;C:\Program Files\nodejs\;C:\WINDOWS\system32;C:\WINDOWS;C:\WINDOWS\System32\Wbem;C:\WINDOWS\System32\WindowsPowerShell\v1.0\;C:\WINDOWS\System32\OpenSSH\;C:\Program Files\Cloudflare\Cloudflare WARP\;C:\Program Files\GitHub CLI\;C:\Program Files\Docker\Docker\resources\bin;C:\Users\Abc\AppData\Local\Programs\Python\Python312\;C:\Users\...\AppData\Local\Programs\Python\Python312\Scripts\;C:\Flutter\flutter\bin;C:\Users\Abc\AppData\Local\Microsoft\WindowsApps;C:\Users\Abc\.dotnet\tools;C:\Users\Abc\.lmstudio\bin;C:\Program Files\JetBrains\IntelliJ IDEA 2024.3.5\bin;C:\Program Files\JetBrains\IntelliJ IDEA Community Edition 2024.3.4\bin;C:\Users\Abc\AppData\Local\JetBrains\Toolbox\scripts;C:\Users\A-Dorg.gradle.internal.worker.tmpdir=D:\APP\Ghichuchitieu\app\build\tmp\testLocalDebugUnitTest\work --add-opens=java.base/java.io=ALL-UNNAMED -Xmx512m -Dfile.encoding=UTF-8 -Duser.country=VN -Duser.language=vi -Duser.variant -ea worker.org.gradle.process.internal.worker.GradleWorkerMain 'Gradle Test Executor 8'

Host: 12th Gen Intel(R) Core(TM) i5-12500H, 16 cores, 15G,  Windows 11 , 64 bit Build 26100 (10.0.26100.9444)
Time: Thu Sep 24 15:46:19 2026 SE Asia Standard Time elapsed time: 30.040517 seconds (0d 0h 0m 30s)

---------------  T H R E A D  ---------------

Current thread (0x000002060230d370):  VMThread "VM Thread"          [id=1288, stack(0x000000c77f000000,0x000000c77f100000) (1024K)]

Stack: [0x000000c77f000000,0x000000c77f100000]
Native frames: (J=compiled Java code, j=interpreted, Vv=VM code, C=native code)
V  [jvm.dll+0x6d78a9]
V  [jvm.dll+0x8665b3]
V  [jvm.dll+0x868bde]
V  [jvm.dll+0x8692c3]
V  [jvm.dll+0x280ee6]
V  [jvm.dll+0x6d4165]
V  [jvm.dll+0x6c77fa]
V  [jvm.dll+0x358f4b]
V  [jvm.dll+0x360bc6]
V  [jvm.dll+0x3b2ea6]
V  [jvm.dll+0x3b3178]
V  [jvm.dll+0x32b65c]
V  [jvm.dll+0x32e066]
V  [jvm.dll+0x337f3d]
V  [jvm.dll+0x36f6a5]
V  [jvm.dll+0x86f048]
V  [jvm.dll+0x870394]
V  [jvm.dll+0x8708d0]
V  [jvm.dll+0x870b63]
V  [jvm.dll+0x80fd28]
V  [jvm.dll+0x6d60fd]
C  [ucrtbase.dll+0x2cd30]
C  [KERNEL32.DLL+0x2cd87]
C  [ntdll.dll+0xacaec]

VM_Operation (0x000000c77ebff930): G1PauseRemark, mode: safepoint, requested by thread 0x000002066bf36440


---------------  P R O C E S S  ---------------

Threads class SMR info:
_java_thread_list=0x000002060cdfcda0, length=36, elements={
0x000002066bf0a700, 0x00000206023fa8e0, 0x000002060241f1f0, 0x00000206024213e0,
0x00000206024312a0, 0x0000020602431930, 0x000002060242e4b0, 0x0000020602430580,
0x0000020602439790, 0x000002060243ec30, 0x00000206024400a0, 0x0000020602430c10,
0x000002060242eb40, 0x000002060242f860, 0x0000020608730550, 0x000002060872fec0,
0x000002060872f830, 0x000002060872f1a0, 0x0000020608730be0, 0x000002060872d760,
0x00000206087346f0, 0x0000020608734060, 0x0000020608731270, 0x0000020608732cb0,
0x0000020608732620, 0x00000206087339d0, 0x0000020608731900, 0x00000206024ffd90,
0x00000206024fe9e0, 0x000002060b2a6b10, 0x000002060b2a8d20, 0x00000206025045c0,
0x00000206025017d0, 0x0000020614f34e00, 0x00000206144c6670, 0x00000206144c58d0
}

Java Threads: ( => current thread )
  0x000002066bf0a700 JavaThread "Test worker"                       [_thread_blocked, id=21844, stack(0x000000c77e900000,0x000000c77ea00000) (1024K)]
  0x00000206023fa8e0 JavaThread "Common-Cleaner"             daemon [_thread_blocked, id=14680, stack(0x000000c77f100000,0x000000c77f200000) (1024K)]
  0x000002060241f1f0 JavaThread "Reference Handler"          daemon [_thread_blocked, id=19992, stack(0x000000c77f200000,0x000000c77f300000) (1024K)]
  0x00000206024213e0 JavaThread "Finalizer"                  daemon [_thread_blocked, id=15596, stack(0x000000c77f300000,0x000000c77f400000) (1024K)]
  0x00000206024312a0 JavaThread "Signal Dispatcher"          daemon [_thread_blocked, id=13928, stack(0x000000c77f400000,0x000000c77f500000) (1024K)]
  0x0000020602431930 JavaThread "Attach Listener"            daemon [_thread_blocked, id=2348, stack(0x000000c77f500000,0x000000c77f600000) (1024K)]
  0x000002060242e4b0 JavaThread "Service Thread"             daemon [_thread_blocked, id=14392, stack(0x000000c77f600000,0x000000c77f700000) (1024K)]
  0x0000020602430580 JavaThread "Monitor Deflation Thread"   daemon [_thread_blocked, id=22908, stack(0x000000c77f700000,0x000000c77f800000) (1024K)]
  0x0000020602439790 JavaThread "C2 CompilerThread0"         daemon [_thread_in_native, id=19724, stack(0x000000c77f800000,0x000000c77f900000) (1024K)]
  0x000002060243ec30 JavaThread "C1 CompilerThread0"         daemon [_thread_blocked, id=2312, stack(0x000000c77f900000,0x000000c77fa00000) (1024K)]
  0x00000206024400a0 JavaThread "C1 CompilerThread1"         daemon [_thread_blocked, id=13448, stack(0x000000c77fa00000,0x000000c77fb00000) (1024K)]
  0x0000020602430c10 JavaThread "Notification Thread"        daemon [_thread_blocked, id=19560, stack(0x000000c77fb00000,0x000000c77fc00000) (1024K)]
  0x000002060242eb40 JavaThread "/127.0.0.1:20620 to /127.0.0.1:20618 workers"        [_thread_blocked, id=17216, stack(0x000000c700500000,0x000000c700600000) (1024K)]
  0x000002060242f860 JavaThread "/127.0.0.1:20620 to /127.0.0.1:20618 workers Thread 2"        [_thread_blocked, id=14144, stack(0x000000c700d00000,0x000000c700e00000) (1024K)]
  0x0000020608730550 JavaThread "/127.0.0.1:20620 to /127.0.0.1:20618 workers Thread 3"        [_thread_in_native, id=23924, stack(0x000000c700e00000,0x000000c700f00000) (1024K)]
  0x000002060872fec0 JavaThread "SDK 34 Main Thread"                [_thread_blocked, id=17248, stack(0x000000c701100000,0x000000c701200000) (1024K)]
  0x000002060872f830 JavaThread "WM.task-1"                         [_thread_blocked, id=12072, stack(0x000000c700200000,0x000000c700300000) (1024K)]
  0x000002060872f1a0 JavaThread "kotlinx.coroutines.DefaultExecutor" daemon [_thread_blocked, id=24112, stack(0x000000c701500000,0x000000c701600000) (1024K)]
  0x0000020608730be0 JavaThread "queued-work-looper"                [_thread_blocked, id=5452, stack(0x000000c701600000,0x000000c701700000) (1024K)]
  0x000002060872d760 JavaThread "arch_disk_io_0"                    [_thread_blocked, id=9028, stack(0x000000c701400000,0x000000c701500000) (1024K)]
  0x00000206087346f0 JavaThread "WM.task-2"                         [_thread_blocked, id=13472, stack(0x000000c701700000,0x000000c701800000) (1024K)]
  0x0000020608734060 JavaThread "arch_disk_io_1"                    [_thread_blocked, id=10608, stack(0x000000c701900000,0x000000c701a00000) (1024K)]
  0x0000020608731270 JavaThread "WM.task-3"                         [_thread_blocked, id=21484, stack(0x000000c701a00000,0x000000c701b00000) (1024K)]
  0x0000020608732cb0 JavaThread "arch_disk_io_2"                    [_thread_blocked, id=9392, stack(0x000000c701b00000,0x000000c701c00000) (1024K)]
  0x0000020608732620 JavaThread "WM.task-4 @Room Invalidation Tracker Refresh#5034"        [_thread_blocked, id=2480, stack(0x000000c701c00000,0x000000c701d00000) (1024K)]
  0x00000206087339d0 JavaThread "arch_disk_io_3"                    [_thread_blocked, id=11048, stack(0x000000c701d00000,0x000000c701e00000) (1024K)]
  0x0000020608731900 JavaThread "DefaultDispatcher-worker-1" daemon [_thread_blocked, id=7052, stack(0x000000c701f00000,0x000000c702000000) (1024K)]
  0x00000206024ffd90 JavaThread "DefaultDispatcher-worker-2" daemon [_thread_blocked, id=19368, stack(0x000000c702000000,0x000000c702100000) (1024K)]
  0x00000206024fe9e0 JavaThread "DefaultDispatcher-worker-3" daemon [_thread_blocked, id=9444, stack(0x000000c702100000,0x000000c702200000) (1024K)]
  0x000002060b2a6b10 JavaThread "C1 CompilerThread2"         daemon [_thread_blocked, id=13068, stack(0x000000c700300000,0x000000c700400000) (1024K)]
  0x000002060b2a8d20 JavaThread "C1 CompilerThread3"         daemon [_thread_blocked, id=3312, stack(0x000000c701200000,0x000000c701300000) (1024K)]
  0x00000206025045c0 JavaThread "DefaultDispatcher-worker-1" daemon [_thread_blocked, id=24504, stack(0x000000c702300000,0x000000c702400000) (1024K)]
  0x00000206025017d0 JavaThread "DefaultDispatcher-worker-2" daemon [_thread_blocked, id=8856, stack(0x000000c702400000,0x000000c702500000) (1024K)]
  0x0000020614f34e00 JavaThread "kotlinx.coroutines.DefaultExecutor" daemon [_thread_blocked, id=19432, stack(0x000000c701300000,0x000000c701400000) (1024K)]
  0x00000206144c6670 JavaThread "C2 CompilerThread1"         daemon [_thread_blocked, id=13748, stack(0x000000c701800000,0x000000c701900000) (1024K)]
  0x00000206144c58d0 JavaThread "C2 CompilerThread2"         daemon [_thread_blocked, id=23712, stack(0x000000c701e00000,0x000000c701f00000) (1024K)]
Total: 36

Other Threads:
=>0x000002060230d370 VMThread "VM Thread"                           [id=1288, stack(0x000000c77f000000,0x000000c77f100000) (1024K)]
  0x0000020602391b00 WatcherThread "VM Periodic Task Thread"        [id=3576, stack(0x000000c77ef00000,0x000000c77f000000) (1024K)]
  0x000002066bf31540 WorkerThread "GC Thread#0"                     [id=11096, stack(0x000000c77ea00000,0x000000c77eb00000) (1024K)]
  0x0000020607995af0 WorkerThread "GC Thread#1"                     [id=1812, stack(0x000000c77fd00000,0x000000c77fe00000) (1024K)]
  0x0000020607995ea0 WorkerThread "GC Thread#2"                     [id=24160, stack(0x000000c77fe00000,0x000000c77ff00000) (1024K)]
  0x0000020607996250 WorkerThread "GC Thread#3"                     [id=6316, stack(0x000000c77ff00000,0x000000c780000000) (1024K)]
  0x00000206077ef0c0 WorkerThread "GC Thread#4"                     [id=19872, stack(0x000000c700000000,0x000000c700100000) (1024K)]
  0x00000206077ef470 WorkerThread "GC Thread#5"                     [id=11528, stack(0x000000c700100000,0x000000c700200000) (1024K)]
  0x0000020607d79c90 WorkerThread "GC Thread#6"                     [id=17616, stack(0x000000c700600000,0x000000c700700000) (1024K)]
  0x0000020607faf890 WorkerThread "GC Thread#7"                     [id=15388, stack(0x000000c700700000,0x000000c700800000) (1024K)]
  0x0000020607fafc40 WorkerThread "GC Thread#8"                     [id=9964, stack(0x000000c700800000,0x000000c700900000) (1024K)]
  0x0000020607f193c0 WorkerThread "GC Thread#9"                     [id=9936, stack(0x000000c700900000,0x000000c700a00000) (1024K)]
  0x0000020608297ef0 WorkerThread "GC Thread#10"                    [id=7576, stack(0x000000c700a00000,0x000000c700b00000) (1024K)]
  0x0000020608297b40 WorkerThread "GC Thread#11"                    [id=3244, stack(0x000000c700b00000,0x000000c700c00000) (1024K)]
  0x00000206082982a0 WorkerThread "GC Thread#12"                    [id=20436, stack(0x000000c700c00000,0x000000c700d00000) (1024K)]
  0x000002066bf36440 ConcurrentGCThread "G1 Main Marker"            [id=24156, stack(0x000000c77eb00000,0x000000c77ec00000) (1024K)]
  0x000002066bf36e60 WorkerThread "G1 Conc#0"                       [id=3512, stack(0x000000c77ec00000,0x000000c77ed00000) (1024K)]
  0x00000206080372d0 WorkerThread "G1 Conc#1"                       [id=2264, stack(0x000000c700f00000,0x000000c701000000) (1024K)]
  0x000002060803a2c0 WorkerThread "G1 Conc#2"                       [id=20412, stack(0x000000c701000000,0x000000c701100000) (1024K)]
  0x00000206021e46b0 ConcurrentGCThread "G1 Refine#0"               [id=14296, stack(0x000000c77ed00000,0x000000c77ee00000) (1024K)]
  0x00000206021e5140 ConcurrentGCThread "G1 Service"                [id=9252, stack(0x000000c77ee00000,0x000000c77ef00000) (1024K)]
Total: 21

Threads with active compile tasks:
C2 CompilerThread0  30081 16819       4       java.lang.invoke.MethodHandleImpl::makePairwiseConvertByEditor (617 bytes)
Total: 1

VM state: at safepoint (normal execution)

VM Mutex/Monitor currently owned by a thread:  ([mutex/lock_event])
[0x00007ff9bbab86d0] Threads_lock - owner thread: 0x000002060230d370
[0x00007ff9bbab87d0] Heap_lock - owner thread: 0x000002066bf36440

Heap address: 0x00000000e0000000, size: 512 MB, Compressed Oops mode: 32-bit

CDS archive(s) not mapped
Compressed class space mapped at: 0x0000000100000000-0x0000000140000000, reserved size: 1073741824
Narrow klass base: 0x0000000000000000, Narrow klass shift: 3, Narrow klass range: 0x140000000

GC Precious Log:
 CardTable entry size: 512
 Card Set container configuration: InlinePtr #cards 5 size 8 Array Of Cards #cards 12 size 40 Howl #buckets 4 coarsen threshold 1843 Howl Bitmap #cards 512 size 80 coarsen threshold 460 Card regions per heap region 1 cards per card region 2048
 CPUs: 16 total, 16 available
 Memory: 16088M
 Large Page Support: Disabled
 NUMA Support: Disabled
 Compressed Oops: Enabled (32-bit)
 Heap Region Size: 1M
 Heap Min Capacity: 8M
 Heap Initial Capacity: 252M
 Heap Max Capacity: 512M
 Pre-touch: Disabled
 Parallel Workers: 13
 Concurrent Workers: 3
 Concurrent Refinement Workers: 13
 Periodic GC: Disabled

Heap:
 garbage-first heap   total 166912K, used 104046K [0x00000000e0000000, 0x0000000100000000)
  region size 1024K, 8 young (8192K), 7 survivors (7168K)
 Metaspace       used 111240K, committed 115264K, reserved 1179648K
  class space    used 12216K, committed 14080K, reserved 1048576K

Heap Regions: E=young(eden), S=young(survivor), O=old, HS=humongous(starts), HC=humongous(continues), CS=collection set, F=free, TAMS=top-at-mark-start, PB=parsable bottom
|   0|0x00000000e0000000, 0x00000000e0100000, 0x00000000e0100000|100%|HS|  |TAMS 0x00000000e0100000| PB 0x00000000e0000000| Complete 
|   1|0x00000000e0100000, 0x00000000e0200000, 0x00000000e0200000|100%|HC|  |TAMS 0x00000000e0200000| PB 0x00000000e0100000| Complete 
|   2|0x00000000e0200000, 0x00000000e0300000, 0x00000000e0300000|100%|HS|  |TAMS 0x00000000e0300000| PB 0x00000000e0200000| Complete 
|   3|0x00000000e0300000, 0x00000000e0400000, 0x00000000e0400000|100%|HS|  |TAMS 0x00000000e0400000| PB 0x00000000e0300000| Complete 
|   4|0x00000000e0400000, 0x00000000e0500000, 0x00000000e0500000|100%|HS|  |TAMS 0x00000000e0500000| PB 0x00000000e0400000| Complete 
|   5|0x00000000e0500000, 0x00000000e0600000, 0x00000000e0600000|100%|HS|  |TAMS 0x00000000e0600000| PB 0x00000000e0500000| Complete 
|   6|0x00000000e0600000, 0x00000000e0700000, 0x00000000e0700000|100%|HS|  |TAMS 0x00000000e0700000| PB 0x00000000e0600000| Complete 
|   7|0x00000000e0700000, 0x00000000e0800000, 0x00000000e0800000|100%|HC|  |TAMS 0x00000000e0800000| PB 0x00000000e0700000| Complete 
|   8|0x00000000e0800000, 0x00000000e0900000, 0x00000000e0900000|100%| O|  |TAMS 0x00000000e0900000| PB 0x00000000e0900000| Untracked 
|   9|0x00000000e0900000, 0x00000000e0a00000, 0x00000000e0a00000|100%| O|  |TAMS 0x00000000e0a00000| PB 0x00000000e0a00000| Untracked 
|  10|0x00000000e0a00000, 0x00000000e0b00000, 0x00000000e0b00000|100%| O|  |TAMS 0x00000000e0b00000| PB 0x00000000e0b00000| Untracked 
|  11|0x00000000e0b00000, 0x00000000e0c00000, 0x00000000e0c00000|100%| O|  |TAMS 0x00000000e0c00000| PB 0x00000000e0c00000| Untracked 
|  12|0x00000000e0c00000, 0x00000000e0d00000, 0x00000000e0d00000|100%| O|  |TAMS 0x00000000e0d00000| PB 0x00000000e0d00000| Untracked 
|  13|0x00000000e0d00000, 0x00000000e0e00000, 0x00000000e0e00000|100%| O|  |TAMS 0x00000000e0e00000| PB 0x00000000e0e00000| Untracked 
|  14|0x00000000e0e00000, 0x00000000e0f00000, 0x00000000e0f00000|100%| O|  |TAMS 0x00000000e0f00000| PB 0x00000000e0f00000| Untracked 
|  15|0x00000000e0f00000, 0x00000000e1000000, 0x00000000e1000000|100%| O|  |TAMS 0x00000000e1000000| PB 0x00000000e1000000| Untracked 
|  16|0x00000000e1000000, 0x00000000e1100000, 0x00000000e1100000|100%| O|  |TAMS 0x00000000e1100000| PB 0x00000000e1100000| Untracked 
|  17|0x00000000e1100000, 0x00000000e1200000, 0x00000000e1200000|100%| O|  |TAMS 0x00000000e1200000| PB 0x00000000e1200000| Untracked 
|  18|0x00000000e1200000, 0x00000000e1300000, 0x00000000e1300000|100%| O|  |TAMS 0x00000000e1300000| PB 0x00000000e1300000| Untracked 
|  19|0x00000000e1300000, 0x00000000e1400000, 0x00000000e1400000|100%| O|  |TAMS 0x00000000e1400000| PB 0x00000000e1400000| Untracked 
|  20|0x00000000e1400000, 0x00000000e1500000, 0x00000000e1500000|100%| O|  |TAMS 0x00000000e1500000| PB 0x00000000e1500000| Untracked 
|  21|0x00000000e1500000, 0x00000000e1600000, 0x00000000e1600000|100%| O|  |TAMS 0x00000000e1600000| PB 0x00000000e1600000| Untracked 
|  22|0x00000000e1600000, 0x00000000e1700000, 0x00000000e1700000|100%| O|  |TAMS 0x00000000e1700000| PB 0x00000000e1700000| Untracked 
|  23|0x00000000e1700000, 0x00000000e1800000, 0x00000000e1800000|100%| O|  |TAMS 0x00000000e1800000| PB 0x00000000e1800000| Updating 
|  24|0x00000000e1800000, 0x00000000e1900000, 0x00000000e1900000|100%|HS|  |TAMS 0x00000000e1900000| PB 0x00000000e1800000| Complete 
|  25|0x00000000e1900000, 0x00000000e1a00000, 0x00000000e1a00000|100%|HS|  |TAMS 0x00000000e1a00000| PB 0x00000000e1900000| Complete 
|  26|0x00000000e1a00000, 0x00000000e1b00000, 0x00000000e1b00000|100%| O|  |TAMS 0x00000000e1b00000| PB 0x00000000e1b00000| Updating 
|  27|0x00000000e1b00000, 0x00000000e1c00000, 0x00000000e1c00000|100%| O|  |TAMS 0x00000000e1c00000| PB 0x00000000e1c00000| Untracked 
|  28|0x00000000e1c00000, 0x00000000e1d00000, 0x00000000e1d00000|100%| O|  |TAMS 0x00000000e1d00000| PB 0x00000000e1d00000| Untracked 
|  29|0x00000000e1d00000, 0x00000000e1e00000, 0x00000000e1e00000|100%| O|  |TAMS 0x00000000e1e00000| PB 0x00000000e1e00000| Untracked 
|  30|0x00000000e1e00000, 0x00000000e1f00000, 0x00000000e1f00000|100%| O|  |TAMS 0x00000000e1f00000| PB 0x00000000e1f00000| Untracked 
|  31|0x00000000e1f00000, 0x00000000e2000000, 0x00000000e2000000|100%|HS|  |TAMS 0x00000000e2000000| PB 0x00000000e1f00000| Complete 
|  32|0x00000000e2000000, 0x00000000e2100000, 0x00000000e2100000|100%|HC|  |TAMS 0x00000000e2100000| PB 0x00000000e2000000| Complete 
|  33|0x00000000e2100000, 0x00000000e2200000, 0x00000000e2200000|100%|HC|  |TAMS 0x00000000e2200000| PB 0x00000000e2100000| Complete 
|  34|0x00000000e2200000, 0x00000000e2300000, 0x00000000e2300000|100%|HC|  |TAMS 0x00000000e2300000| PB 0x00000000e2200000| Complete 
|  35|0x00000000e2300000, 0x00000000e2400000, 0x00000000e2400000|100%|HC|  |TAMS 0x00000000e2400000| PB 0x00000000e2300000| Complete 
|  36|0x00000000e2400000, 0x00000000e2500000, 0x00000000e2500000|100%|HC|  |TAMS 0x00000000e2500000| PB 0x00000000e2400000| Complete 
|  37|0x00000000e2500000, 0x00000000e2600000, 0x00000000e2600000|100%|HC|  |TAMS 0x00000000e2600000| PB 0x00000000e2500000| Complete 
|  38|0x00000000e2600000, 0x00000000e2700000, 0x00000000e2700000|100%| O|  |TAMS 0x00000000e2700000| PB 0x00000000e2700000| Untracked 
|  39|0x00000000e2700000, 0x00000000e2800000, 0x00000000e2800000|100%| O|  |TAMS 0x00000000e2800000| PB 0x00000000e2800000| Untracked 
|  40|0x00000000e2800000, 0x00000000e2900000, 0x00000000e2900000|100%| O|  |TAMS 0x00000000e2900000| PB 0x00000000e2900000| Untracked 
|  41|0x00000000e2900000, 0x00000000e2a00000, 0x00000000e2a00000|100%| O|  |TAMS 0x00000000e2a00000| PB 0x00000000e2a00000| Untracked 
|  42|0x00000000e2a00000, 0x00000000e2b00000, 0x00000000e2b00000|100%| O|  |TAMS 0x00000000e2b00000| PB 0x00000000e2b00000| Untracked 
|  43|0x00000000e2b00000, 0x00000000e2c00000, 0x00000000e2c00000|100%| O|  |TAMS 0x00000000e2c00000| PB 0x00000000e2c00000| Untracked 
|  44|0x00000000e2c00000, 0x00000000e2d00000, 0x00000000e2d00000|100%| O|  |TAMS 0x00000000e2d00000| PB 0x00000000e2d00000| Untracked 
|  45|0x00000000e2d00000, 0x00000000e2e00000, 0x00000000e2e00000|100%| O|  |TAMS 0x00000000e2e00000| PB 0x00000000e2e00000| Updating 
|  46|0x00000000e2e00000, 0x00000000e2f00000, 0x00000000e2f00000|100%| O|  |TAMS 0x00000000e2f00000| PB 0x00000000e2f00000| Untracked 
|  47|0x00000000e2f00000, 0x00000000e3000000, 0x00000000e3000000|100%| O|  |TAMS 0x00000000e3000000| PB 0x00000000e3000000| Untracked 
|  48|0x00000000e3000000, 0x00000000e3100000, 0x00000000e3100000|100%| O|  |TAMS 0x00000000e3100000| PB 0x00000000e3100000| Untracked 
|  49|0x00000000e3100000, 0x00000000e3200000, 0x00000000e3200000|100%| O|  |TAMS 0x00000000e3200000| PB 0x00000000e3200000| Updating 
|  50|0x00000000e3200000, 0x00000000e3300000, 0x00000000e3300000|100%| O|  |TAMS 0x00000000e3300000| PB 0x00000000e3300000| Updating 
|  51|0x00000000e3300000, 0x00000000e3400000, 0x00000000e3400000|100%|HS|  |TAMS 0x00000000e3400000| PB 0x00000000e3300000| Complete 
|  52|0x00000000e3400000, 0x00000000e3500000, 0x00000000e3500000|100%|HC|  |TAMS 0x00000000e3500000| PB 0x00000000e3400000| Complete 
|  53|0x00000000e3500000, 0x00000000e3600000, 0x00000000e3600000|100%| O|  |TAMS 0x00000000e3600000| PB 0x00000000e3600000| Updating 
|  54|0x00000000e3600000, 0x00000000e3700000, 0x00000000e3700000|100%| O|  |TAMS 0x00000000e3700000| PB 0x00000000e3700000| Untracked 
|  55|0x00000000e3700000, 0x00000000e3800000, 0x00000000e3800000|100%| O|  |TAMS 0x00000000e3800000| PB 0x00000000e3800000| Untracked 
|  56|0x00000000e3800000, 0x00000000e3900000, 0x00000000e3900000|100%| O|  |TAMS 0x00000000e3900000| PB 0x00000000e3900000| Untracked 
|  57|0x00000000e3900000, 0x00000000e3a00000, 0x00000000e3a00000|100%| O|  |TAMS 0x00000000e3a00000| PB 0x00000000e3a00000| Untracked 
|  58|0x00000000e3a00000, 0x00000000e3b00000, 0x00000000e3b00000|100%| O|  |TAMS 0x00000000e3b00000| PB 0x00000000e3b00000| Untracked 
|  59|0x00000000e3b00000, 0x00000000e3c00000, 0x00000000e3c00000|100%| O|  |TAMS 0x00000000e3c00000| PB 0x00000000e3c00000| Untracked 
|  60|0x00000000e3c00000, 0x00000000e3d00000, 0x00000000e3d00000|100%| O|  |TAMS 0x00000000e3d00000| PB 0x00000000e3d00000| Updating 
|  61|0x00000000e3d00000, 0x00000000e3e00000, 0x00000000e3e00000|100%| O|  |TAMS 0x00000000e3e00000| PB 0x00000000e3e00000| Updating 
|  62|0x00000000e3e00000, 0x00000000e3e9ba68, 0x00000000e3f00000| 60%| O|  |TAMS 0x00000000e3e00000| PB 0x00000000e3e00000| Updating 
|  63|0x00000000e3f00000, 0x00000000e4000000, 0x00000000e4000000|100%| O|  |TAMS 0x00000000e4000000| PB 0x00000000e4000000| Untracked 
|  64|0x00000000e4000000, 0x00000000e4000000, 0x00000000e4100000|  0%| F|  |TAMS 0x00000000e4000000| PB 0x00000000e4000000| Untracked 
|  65|0x00000000e4100000, 0x00000000e4200000, 0x00000000e4200000|100%| O|  |TAMS 0x00000000e4200000| PB 0x00000000e4200000| Untracked 
|  66|0x00000000e4200000, 0x00000000e4300000, 0x00000000e4300000|100%| O|  |TAMS 0x00000000e4300000| PB 0x00000000e4300000| Untracked 
|  67|0x00000000e4300000, 0x00000000e4400000, 0x00000000e4400000|100%| O|  |TAMS 0x00000000e4400000| PB 0x00000000e4400000| Updating 
|  68|0x00000000e4400000, 0x00000000e4500000, 0x00000000e4500000|100%| O|  |TAMS 0x00000000e4500000| PB 0x00000000e4500000| Updating 
|  69|0x00000000e4500000, 0x00000000e4600000, 0x00000000e4600000|100%| O|  |TAMS 0x00000000e4600000| PB 0x00000000e4600000| Untracked 
|  70|0x00000000e4600000, 0x00000000e4700000, 0x00000000e4700000|100%| O|  |TAMS 0x00000000e4700000| PB 0x00000000e4700000| Untracked 
|  71|0x00000000e4700000, 0x00000000e4800000, 0x00000000e4800000|100%| O|  |TAMS 0x00000000e4800000| PB 0x00000000e4800000| Updating 
|  72|0x00000000e4800000, 0x00000000e4900000, 0x00000000e4900000|100%| O|  |TAMS 0x00000000e4900000| PB 0x00000000e4900000| Untracked 
|  73|0x00000000e4900000, 0x00000000e4a00000, 0x00000000e4a00000|100%| O|  |TAMS 0x00000000e4a00000| PB 0x00000000e4a00000| Untracked 
|  74|0x00000000e4a00000, 0x00000000e4b00000, 0x00000000e4b00000|100%| O|  |TAMS 0x00000000e4b00000| PB 0x00000000e4b00000| Updating 
|  75|0x00000000e4b00000, 0x00000000e4c00000, 0x00000000e4c00000|100%| O|  |TAMS 0x00000000e4c00000| PB 0x00000000e4c00000| Updating 
|  76|0x00000000e4c00000, 0x00000000e4d00000, 0x00000000e4d00000|100%| O|  |TAMS 0x00000000e4c85bc0| PB 0x00000000e4c85bc0| Updating 
|  77|0x00000000e4d00000, 0x00000000e4d00000, 0x00000000e4e00000|  0%| F|  |TAMS 0x00000000e4d00000| PB 0x00000000e4d00000| Untracked 
|  78|0x00000000e4e00000, 0x00000000e4e00000, 0x00000000e4f00000|  0%| F|  |TAMS 0x00000000e4e00000| PB 0x00000000e4e00000| Untracked 
|  79|0x00000000e4f00000, 0x00000000e4f00000, 0x00000000e5000000|  0%| F|  |TAMS 0x00000000e4f00000| PB 0x00000000e4f00000| Untracked 
|  80|0x00000000e5000000, 0x00000000e5000000, 0x00000000e5100000|  0%| F|  |TAMS 0x00000000e5000000| PB 0x00000000e5000000| Untracked 
|  81|0x00000000e5100000, 0x00000000e5200000, 0x00000000e5200000|100%| S|CS|TAMS 0x00000000e5100000| PB 0x00000000e5100000| Complete 
|  82|0x00000000e5200000, 0x00000000e5300000, 0x00000000e5300000|100%| S|CS|TAMS 0x00000000e5200000| PB 0x00000000e5200000| Complete 
|  83|0x00000000e5300000, 0x00000000e5400000, 0x00000000e5400000|100%| S|CS|TAMS 0x00000000e5300000| PB 0x00000000e5300000| Complete 
|  84|0x00000000e5400000, 0x00000000e5500000, 0x00000000e5500000|100%| S|CS|TAMS 0x00000000e5400000| PB 0x00000000e5400000| Complete 
|  85|0x00000000e5500000, 0x00000000e5500000, 0x00000000e5600000|  0%| F|  |TAMS 0x00000000e5500000| PB 0x00000000e5500000| Untracked 
|  86|0x00000000e5600000, 0x00000000e5600000, 0x00000000e5700000|  0%| F|  |TAMS 0x00000000e5600000| PB 0x00000000e5600000| Untracked 
|  87|0x00000000e5700000, 0x00000000e5700000, 0x00000000e5800000|  0%| F|  |TAMS 0x00000000e5700000| PB 0x00000000e5700000| Untracked 
|  88|0x00000000e5800000, 0x00000000e5900000, 0x00000000e5900000|100%| S|CS|TAMS 0x00000000e5800000| PB 0x00000000e5800000| Complete 
|  89|0x00000000e5900000, 0x00000000e5a00000, 0x00000000e5a00000|100%| S|CS|TAMS 0x00000000e5900000| PB 0x00000000e5900000| Complete 
|  90|0x00000000e5a00000, 0x00000000e5b00000, 0x00000000e5b00000|100%| S|CS|TAMS 0x00000000e5a00000| PB 0x00000000e5a00000| Complete 
|  91|0x00000000e5b00000, 0x00000000e5b00000, 0x00000000e5c00000|  0%| F|  |TAMS 0x00000000e5b00000| PB 0x00000000e5b00000| Untracked 
|  92|0x00000000e5c00000, 0x00000000e5d00000, 0x00000000e5d00000|100%|HS|  |TAMS 0x00000000e5d00000| PB 0x00000000e5c00000| Complete 
|  93|0x00000000e5d00000, 0x00000000e5e00000, 0x00000000e5e00000|100%|HC|  |TAMS 0x00000000e5e00000| PB 0x00000000e5d00000| Complete 
|  94|0x00000000e5e00000, 0x00000000e5f00000, 0x00000000e5f00000|100%|HC|  |TAMS 0x00000000e5f00000| PB 0x00000000e5e00000| Complete 
|  95|0x00000000e5f00000, 0x00000000e6000000, 0x00000000e6000000|100%|HC|  |TAMS 0x00000000e6000000| PB 0x00000000e5f00000| Complete 
|  96|0x00000000e6000000, 0x00000000e6100000, 0x00000000e6100000|100%|HC|  |TAMS 0x00000000e6100000| PB 0x00000000e6000000| Complete 
|  97|0x00000000e6100000, 0x00000000e6200000, 0x00000000e6200000|100%|HC|  |TAMS 0x00000000e6200000| PB 0x00000000e6100000| Complete 
|  98|0x00000000e6200000, 0x00000000e6300000, 0x00000000e6300000|100%|HC|  |TAMS 0x00000000e6300000| PB 0x00000000e6200000| Complete 
|  99|0x00000000e6300000, 0x00000000e6400000, 0x00000000e6400000|100%|HC|  |TAMS 0x00000000e6400000| PB 0x00000000e6300000| Complete 
| 100|0x00000000e6400000, 0x00000000e6500000, 0x00000000e6500000|100%|HC|  |TAMS 0x00000000e6500000| PB 0x00000000e6400000| Complete 
| 101|0x00000000e6500000, 0x00000000e6600000, 0x00000000e6600000|100%|HC|  |TAMS 0x00000000e6600000| PB 0x00000000e6500000| Complete 
| 102|0x00000000e6600000, 0x00000000e6700000, 0x00000000e6700000|100%|HC|  |TAMS 0x00000000e6700000| PB 0x00000000e6600000| Complete 
| 103|0x00000000e6700000, 0x00000000e6800000, 0x00000000e6800000|100%|HC|  |TAMS 0x00000000e6800000| PB 0x00000000e6700000| Complete 
| 104|0x00000000e6800000, 0x00000000e6900000, 0x00000000e6900000|100%|HC|  |TAMS 0x00000000e6900000| PB 0x00000000e6800000| Complete 
| 105|0x00000000e6900000, 0x00000000e6a00000, 0x00000000e6a00000|100%|HC|  |TAMS 0x00000000e6a00000| PB 0x00000000e6900000| Complete 
| 106|0x00000000e6a00000, 0x00000000e6b00000, 0x00000000e6b00000|100%|HC|  |TAMS 0x00000000e6b00000| PB 0x00000000e6a00000| Complete 
| 107|0x00000000e6b00000, 0x00000000e6c00000, 0x00000000e6c00000|100%|HC|  |TAMS 0x00000000e6c00000| PB 0x00000000e6b00000| Complete 
| 108|0x00000000e6c00000, 0x00000000e6c00000, 0x00000000e6d00000|  0%| F|  |TAMS 0x00000000e6c00000| PB 0x00000000e6c00000| Untracked 
| 109|0x00000000e6d00000, 0x00000000e6d00000, 0x00000000e6e00000|  0%| F|  |TAMS 0x00000000e6d00000| PB 0x00000000e6d00000| Untracked 
| 110|0x00000000e6e00000, 0x00000000e6e00000, 0x00000000e6f00000|  0%| F|  |TAMS 0x00000000e6e00000| PB 0x00000000e6e00000| Untracked 
| 111|0x00000000e6f00000, 0x00000000e6f00000, 0x00000000e7000000|  0%| F|  |TAMS 0x00000000e6f00000| PB 0x00000000e6f00000| Untracked 
| 112|0x00000000e7000000, 0x00000000e7000000, 0x00000000e7100000|  0%| F|  |TAMS 0x00000000e7000000| PB 0x00000000e7000000| Untracked 
| 113|0x00000000e7100000, 0x00000000e7100000, 0x00000000e7200000|  0%| F|  |TAMS 0x00000000e7100000| PB 0x00000000e7100000| Untracked 
| 114|0x00000000e7200000, 0x00000000e7200000, 0x00000000e7300000|  0%| F|  |TAMS 0x00000000e7200000| PB 0x00000000e7200000| Untracked 
| 115|0x00000000e7300000, 0x00000000e7300000, 0x00000000e7400000|  0%| F|  |TAMS 0x00000000e7300000| PB 0x00000000e7300000| Untracked 
| 116|0x00000000e7400000, 0x00000000e7400000, 0x00000000e7500000|  0%| F|  |TAMS 0x00000000e7400000| PB 0x00000000e7400000| Untracked 
| 117|0x00000000e7500000, 0x00000000e7500000, 0x00000000e7600000|  0%| F|  |TAMS 0x00000000e7500000| PB 0x00000000e7500000| Untracked 
| 118|0x00000000e7600000, 0x00000000e7600000, 0x00000000e7700000|  0%| F|  |TAMS 0x00000000e7600000| PB 0x00000000e7600000| Untracked 
| 119|0x00000000e7700000, 0x00000000e7700000, 0x00000000e7800000|  0%| F|  |TAMS 0x00000000e7700000| PB 0x00000000e7700000| Untracked 
| 120|0x00000000e7800000, 0x00000000e7800000, 0x00000000e7900000|  0%| F|  |TAMS 0x00000000e7800000| PB 0x00000000e7800000| Untracked 
| 121|0x00000000e7900000, 0x00000000e7900000, 0x00000000e7a00000|  0%| F|  |TAMS 0x00000000e7900000| PB 0x00000000e7900000| Untracked 
| 122|0x00000000e7a00000, 0x00000000e7a00000, 0x00000000e7b00000|  0%| F|  |TAMS 0x00000000e7a00000| PB 0x00000000e7a00000| Untracked 
| 123|0x00000000e7b00000, 0x00000000e7b00000, 0x00000000e7c00000|  0%| F|  |TAMS 0x00000000e7b00000| PB 0x00000000e7b00000| Untracked 
| 124|0x00000000e7c00000, 0x00000000e7c00000, 0x00000000e7d00000|  0%| F|  |TAMS 0x00000000e7c00000| PB 0x00000000e7c00000| Untracked 
| 125|0x00000000e7d00000, 0x00000000e7d00000, 0x00000000e7e00000|  0%| F|  |TAMS 0x00000000e7d00000| PB 0x00000000e7d00000| Untracked 
| 126|0x00000000e7e00000, 0x00000000e7e00000, 0x00000000e7f00000|  0%| F|  |TAMS 0x00000000e7e00000| PB 0x00000000e7e00000| Untracked 
| 127|0x00000000e7f00000, 0x00000000e7f00000, 0x00000000e8000000|  0%| F|  |TAMS 0x00000000e7f00000| PB 0x00000000e7f00000| Untracked 
| 128|0x00000000e8000000, 0x00000000e8000000, 0x00000000e8100000|  0%| F|  |TAMS 0x00000000e8000000| PB 0x00000000e8000000| Untracked 
| 129|0x00000000e8100000, 0x00000000e8100000, 0x00000000e8200000|  0%| F|  |TAMS 0x00000000e8100000| PB 0x00000000e8100000| Untracked 
| 130|0x00000000e8200000, 0x00000000e8200000, 0x00000000e8300000|  0%| F|  |TAMS 0x00000000e8200000| PB 0x00000000e8200000| Untracked 
| 131|0x00000000e8300000, 0x00000000e8300000, 0x00000000e8400000|  0%| F|  |TAMS 0x00000000e8300000| PB 0x00000000e8300000| Untracked 
| 132|0x00000000e8400000, 0x00000000e8400000, 0x00000000e8500000|  0%| F|  |TAMS 0x00000000e8400000| PB 0x00000000e8400000| Untracked 
| 133|0x00000000e8500000, 0x00000000e8500000, 0x00000000e8600000|  0%| F|  |TAMS 0x00000000e8500000| PB 0x00000000e8500000| Untracked 
| 134|0x00000000e8600000, 0x00000000e8600000, 0x00000000e8700000|  0%| F|  |TAMS 0x00000000e8600000| PB 0x00000000e8600000| Untracked 
| 135|0x00000000e8700000, 0x00000000e8700000, 0x00000000e8800000|  0%| F|  |TAMS 0x00000000e8700000| PB 0x00000000e8700000| Untracked 
| 136|0x00000000e8800000, 0x00000000e8800000, 0x00000000e8900000|  0%| F|  |TAMS 0x00000000e8800000| PB 0x00000000e8800000| Untracked 
| 137|0x00000000e8900000, 0x00000000e8900000, 0x00000000e8a00000|  0%| F|  |TAMS 0x00000000e8900000| PB 0x00000000e8900000| Untracked 
| 138|0x00000000e8a00000, 0x00000000e8a00000, 0x00000000e8b00000|  0%| F|  |TAMS 0x00000000e8a00000| PB 0x00000000e8a00000| Untracked 
| 139|0x00000000e8b00000, 0x00000000e8b00000, 0x00000000e8c00000|  0%| F|  |TAMS 0x00000000e8b00000| PB 0x00000000e8b00000| Untracked 
| 140|0x00000000e8c00000, 0x00000000e8c00000, 0x00000000e8d00000|  0%| F|  |TAMS 0x00000000e8c00000| PB 0x00000000e8c00000| Untracked 
| 141|0x00000000e8d00000, 0x00000000e8d00000, 0x00000000e8e00000|  0%| F|  |TAMS 0x00000000e8d00000| PB 0x00000000e8d00000| Untracked 
| 142|0x00000000e8e00000, 0x00000000e8e00000, 0x00000000e8f00000|  0%| F|  |TAMS 0x00000000e8e00000| PB 0x00000000e8e00000| Untracked 
| 143|0x00000000e8f00000, 0x00000000e8f00000, 0x00000000e9000000|  0%| F|  |TAMS 0x00000000e8f00000| PB 0x00000000e8f00000| Untracked 
| 144|0x00000000e9000000, 0x00000000e9000000, 0x00000000e9100000|  0%| F|  |TAMS 0x00000000e9000000| PB 0x00000000e9000000| Untracked 
| 145|0x00000000e9100000, 0x00000000e9100000, 0x00000000e9200000|  0%| F|  |TAMS 0x00000000e9100000| PB 0x00000000e9100000| Untracked 
| 146|0x00000000e9200000, 0x00000000e9200000, 0x00000000e9300000|  0%| F|  |TAMS 0x00000000e9200000| PB 0x00000000e9200000| Untracked 
| 147|0x00000000e9300000, 0x00000000e9300000, 0x00000000e9400000|  0%| F|  |TAMS 0x00000000e9300000| PB 0x00000000e9300000| Untracked 
| 148|0x00000000e9400000, 0x00000000e9400000, 0x00000000e9500000|  0%| F|  |TAMS 0x00000000e9400000| PB 0x00000000e9400000| Untracked 
| 149|0x00000000e9500000, 0x00000000e9500000, 0x00000000e9600000|  0%| F|  |TAMS 0x00000000e9500000| PB 0x00000000e9500000| Untracked 
| 150|0x00000000e9600000, 0x00000000e9600000, 0x00000000e9700000|  0%| F|  |TAMS 0x00000000e9600000| PB 0x00000000e9600000| Untracked 
| 151|0x00000000e9700000, 0x00000000e9700000, 0x00000000e9800000|  0%| F|  |TAMS 0x00000000e9700000| PB 0x00000000e9700000| Untracked 
| 152|0x00000000e9800000, 0x00000000e9800000, 0x00000000e9900000|  0%| F|  |TAMS 0x00000000e9800000| PB 0x00000000e9800000| Untracked 
| 153|0x00000000e9900000, 0x00000000e9900000, 0x00000000e9a00000|  0%| F|  |TAMS 0x00000000e9900000| PB 0x00000000e9900000| Untracked 
| 154|0x00000000e9a00000, 0x00000000e9a00000, 0x00000000e9b00000|  0%| F|  |TAMS 0x00000000e9a00000| PB 0x00000000e9a00000| Untracked 
| 155|0x00000000e9b00000, 0x00000000e9b00000, 0x00000000e9c00000|  0%| F|  |TAMS 0x00000000e9b00000| PB 0x00000000e9b00000| Untracked 
| 156|0x00000000e9c00000, 0x00000000e9c00000, 0x00000000e9d00000|  0%| F|  |TAMS 0x00000000e9c00000| PB 0x00000000e9c00000| Untracked 
| 250|0x00000000efa00000, 0x00000000efa00000, 0x00000000efb00000|  0%| F|  |TAMS 0x00000000efa00000| PB 0x00000000efa00000| Untracked 
| 251|0x00000000efb00000, 0x00000000efbf3c58, 0x00000000efc00000| 95%| E|  |TAMS 0x00000000efb00000| PB 0x00000000efb00000| Complete 
| 508|0x00000000ffc00000, 0x00000000ffd00000, 0x00000000ffd00000|100%| O|  |TAMS 0x00000000ffd00000| PB 0x00000000ffd00000| Updating 
| 509|0x00000000ffd00000, 0x00000000ffd00000, 0x00000000ffe00000|  0%| F|  |TAMS 0x00000000ffd00000| PB 0x00000000ffd00000| Untracked 
| 510|0x00000000ffe00000, 0x00000000fff00000, 0x00000000fff00000|100%| O|  |TAMS 0x00000000fff00000| PB 0x00000000fff00000| Updating 
| 511|0x00000000fff00000, 0x0000000100000000, 0x0000000100000000|100%| O|  |TAMS 0x0000000100000000| PB 0x0000000100000000| Untracked 

Card table byte_map: [0x000002067e9d0000,0x000002067ead0000] _byte_map_base: 0x000002067e2d0000

Marking Bits: (CMBitMap*) 0x000002066bf31b60
 Bits: [0x000002067ead0000, 0x000002067f2d0000)

Polling page: 0x0000020669cc0000

Metaspace:

Usage:
  Non-class:     96.70 MB used.
      Class:     11.93 MB used.
       Both:    108.63 MB used.

Virtual space:
  Non-class space:      128.00 MB reserved,      98.81 MB ( 77%) committed,  2 nodes.
      Class space:        1.00 GB reserved,      13.75 MB (  1%) committed,  1 nodes.
             Both:        1.12 GB reserved,     112.56 MB ( 10%) committed. 

Chunk freelists:
   Non-Class:  12.78 MB
       Class:  2.18 MB
        Both:  14.97 MB

MaxMetaspaceSize: unlimited
CompressedClassSpaceSize: 1.00 GB
Initial GC threshold: 21.00 MB
Current GC threshold: 173.75 MB
CDS: off
 - commit_granule_bytes: 65536.
 - commit_granule_words: 8192.
 - virtual_space_node_default_size: 8388608.
 - enlarge_chunks_in_place: 1.
 - use_allocation_guard: 0.


Internal statistics:

num_allocs_failed_limit: 9.
num_arena_births: 7856.
num_arena_deaths: 134.
num_vsnodes_births: 3.
num_vsnodes_deaths: 0.
num_space_committed: 1798.
num_space_uncommitted: 0.
num_chunks_returned_to_freelist: 202.
num_chunks_taken_from_freelist: 12986.
num_chunk_merges: 11.
num_chunk_splits: 8496.
num_chunks_enlarged: 4954.
num_inconsistent_stats: 0.

CodeHeap 'non-profiled nmethods': size=119168Kb used=7616Kb max_used=9517Kb free=111552Kb
 bounds [0x0000020676be0000, 0x0000020677530000, 0x000002067e040000]
CodeHeap 'profiled nmethods': size=119104Kb used=39153Kb max_used=42936Kb free=79951Kb
 bounds [0x000002066f040000, 0x0000020671a30000, 0x0000020676490000]
CodeHeap 'non-nmethods': size=7488Kb used=4300Kb max_used=4380Kb free=3187Kb
 bounds [0x0000020676490000, 0x00000206768e0000, 0x0000020676be0000]
CodeCache: size=245760Kb, used=51069Kb, max_used=56833Kb, free=194690Kb
 total_blobs=14943, nmethods=13234, adapters=1608, full_count=0
Compilation: enabled, stopped_count=0, restarted_count=0

Compilation events (20 events):
Event: 29.984 Thread 0x000002060243ec30 nmethod 16918 0x0000020671a27290 code [0x0000020671a27620, 0x0000020671a28dc0]
Event: 29.984 Thread 0x00000206144c6670 16920   !   4       java.lang.ref.Finalizer::runFinalizer (135 bytes)
Event: 29.990 Thread 0x00000206144c58d0 nmethod 16916 0x0000020677529490 code [0x0000020677529660, 0x0000020677529fc8]
Event: 29.992 Thread 0x00000206144c6670 nmethod 16920 0x000002067752a110 code [0x000002067752a2e0, 0x000002067752aa18]
Event: 29.995 Thread 0x000002060243ec30 16921       3       kotlinx.coroutines.test.RunningInRunTest::minusKey (6 bytes)
Event: 29.996 Thread 0x000002060243ec30 nmethod 16921 0x0000020671a29890 code [0x0000020671a29ae0, 0x0000020671a2a2c8]
Event: 29.999 Thread 0x00000206144c58d0 16922       4       java.io.ByteArrayInputStream::close (1 bytes)
Event: 29.999 Thread 0x00000206144c58d0 nmethod 16922 0x000002067752ac90 code [0x000002067752ae20, 0x000002067752aea8]
Event: 29.999 Thread 0x000002060243ec30 16923       3       kotlinx.coroutines.channels.ConflatedBufferedChannel::trySend-JP2dKIU (7 bytes)
Event: 30.000 Thread 0x000002060243ec30 nmethod 16923 0x0000020671a2a590 code [0x0000020671a2a760, 0x0000020671a2a9b0]
Event: 30.004 Thread 0x00000206024400a0 16924       3       kotlinx.coroutines.JobSupport::getOrPromoteCancellingList (81 bytes)
Event: 30.004 Thread 0x00000206024400a0 nmethod 16924 0x0000020671a2aa90 code [0x0000020671a2ad60, 0x0000020671a2bc40]
Event: 30.006 Thread 0x00000206144c58d0 16925       4       androidx.room.RoomDatabase::isOpenInternal$room_runtime (53 bytes)
Event: 30.010 Thread 0x00000206144c58d0 nmethod 16925 0x000002067752af90 code [0x000002067752b140, 0x000002067752b3e8]
Event: 30.012 Thread 0x000002060243ec30 16926       3       java.io.InputStreamReader::<init> (33 bytes)
Event: 30.012 Thread 0x000002060b2a8d20 16927       3       sun.nio.cs.StreamDecoder::forInputStreamReader (11 bytes)
Event: 30.012 Thread 0x000002060b2a8d20 nmethod 16927 0x0000020671a2c090 code [0x0000020671a2c240, 0x0000020671a2c3d8]
Event: 30.012 Thread 0x000002060b2a8d20 16928       3       sun.nio.cs.StreamDecoder::<init> (52 bytes)
Event: 30.013 Thread 0x000002060243ec30 nmethod 16926 0x0000020671a2c490 code [0x0000020671a2c700, 0x0000020671a2d280]
Event: 30.013 Thread 0x000002060b2a8d20 nmethod 16928 0x0000020671a2d690 code [0x0000020671a2d8a0, 0x0000020671a2deb8]

GC Heap History (20 events):
Event: 12.059 GC heap before
{Heap before GC invocations=19 (full 0):
 garbage-first heap   total 137216K, used 123878K [0x00000000e0000000, 0x0000000100000000)
  region size 1024K, 44 young (45056K), 6 survivors (6144K)
 Metaspace       used 78296K, committed 81600K, reserved 1179648K
  class space    used 7969K, committed 9408K, reserved 1048576K
}
Event: 12.064 GC heap after
{Heap after GC invocations=20 (full 0):
 garbage-first heap   total 137216K, used 86849K [0x00000000e0000000, 0x0000000100000000)
  region size 1024K, 4 young (4096K), 4 survivors (4096K)
 Metaspace       used 78296K, committed 81600K, reserved 1179648K
  class space    used 7969K, committed 9408K, reserved 1048576K
}
Event: 13.178 GC heap before
{Heap before GC invocations=21 (full 0):
 garbage-first heap   total 147456K, used 124737K [0x00000000e0000000, 0x0000000100000000)
  region size 1024K, 41 young (41984K), 4 survivors (4096K)
 Metaspace       used 81894K, committed 85504K, reserved 1179648K
  class space    used 8414K, committed 10048K, reserved 1048576K
}
Event: 13.182 GC heap after
{Heap after GC invocations=22 (full 0):
 garbage-first heap   total 147456K, used 89483K [0x00000000e0000000, 0x0000000100000000)
  region size 1024K, 5 young (5120K), 5 survivors (5120K)
 Metaspace       used 81894K, committed 85504K, reserved 1179648K
  class space    used 8414K, committed 10048K, reserved 1048576K
}
Event: 15.361 GC heap before
{Heap before GC invocations=22 (full 0):
 garbage-first heap   total 147456K, used 132491K [0x00000000e0000000, 0x0000000100000000)
  region size 1024K, 48 young (49152K), 5 survivors (5120K)
 Metaspace       used 84188K, committed 87744K, reserved 1179648K
  class space    used 8629K, committed 10240K, reserved 1048576K
}
Event: 15.366 GC heap after
{Heap after GC invocations=23 (full 0):
 garbage-first heap   total 147456K, used 88292K [0x00000000e0000000, 0x0000000100000000)
  region size 1024K, 2 young (2048K), 2 survivors (2048K)
 Metaspace       used 84188K, committed 87744K, reserved 1179648K
  class space    used 8629K, committed 10240K, reserved 1048576K
}
Event: 19.470 GC heap before
{Heap before GC invocations=23 (full 0):
 garbage-first heap   total 147456K, used 133348K [0x00000000e0000000, 0x0000000100000000)
  region size 1024K, 47 young (48128K), 2 survivors (2048K)
 Metaspace       used 84890K, committed 88512K, reserved 1179648K
  class space    used 8668K, committed 10304K, reserved 1048576K
}
Event: 19.474 GC heap after
{Heap after GC invocations=24 (full 0):
 garbage-first heap   total 147456K, used 88101K [0x00000000e0000000, 0x0000000100000000)
  region size 1024K, 2 young (2048K), 2 survivors (2048K)
 Metaspace       used 84890K, committed 88512K, reserved 1179648K
  class space    used 8668K, committed 10304K, reserved 1048576K
}
Event: 21.106 GC heap before
{Heap before GC invocations=25 (full 0):
 garbage-first heap   total 148480K, used 134181K [0x00000000e0000000, 0x0000000100000000)
  region size 1024K, 48 young (49152K), 2 survivors (2048K)
 Metaspace       used 93997K, committed 97536K, reserved 1179648K
  class space    used 10017K, committed 11648K, reserved 1048576K
}
Event: 21.110 GC heap after
{Heap after GC invocations=26 (full 0):
 garbage-first heap   total 148480K, used 89187K [0x00000000e0000000, 0x0000000100000000)
  region size 1024K, 3 young (3072K), 3 survivors (3072K)
 Metaspace       used 93997K, committed 97536K, reserved 1179648K
  class space    used 10017K, committed 11648K, reserved 1048576K
}
Event: 22.856 GC heap before
{Heap before GC invocations=26 (full 0):
 garbage-first heap   total 148480K, used 137315K [0x00000000e0000000, 0x0000000100000000)
  region size 1024K, 50 young (51200K), 3 survivors (3072K)
 Metaspace       used 101445K, committed 105024K, reserved 1179648K
  class space    used 11106K, committed 12736K, reserved 1048576K
}
Event: 22.861 GC heap after
{Heap after GC invocations=27 (full 0):
 garbage-first heap   total 148480K, used 91710K [0x00000000e0000000, 0x0000000100000000)
  region size 1024K, 6 young (6144K), 6 survivors (6144K)
 Metaspace       used 101445K, committed 105024K, reserved 1179648K
  class space    used 11106K, committed 12736K, reserved 1048576K
}
Event: 24.953 GC heap before
{Heap before GC invocations=27 (full 0):
 garbage-first heap   total 148480K, used 138814K [0x00000000e0000000, 0x0000000100000000)
  region size 1024K, 52 young (53248K), 6 survivors (6144K)
 Metaspace       used 103071K, committed 106688K, reserved 1179648K
  class space    used 11248K, committed 12928K, reserved 1048576K
}
Event: 24.959 GC heap after
{Heap after GC invocations=28 (full 0):
 garbage-first heap   total 151552K, used 97989K [0x00000000e0000000, 0x0000000100000000)
  region size 1024K, 7 young (7168K), 7 survivors (7168K)
 Metaspace       used 103071K, committed 106688K, reserved 1179648K
  class space    used 11248K, committed 12928K, reserved 1048576K
}
Event: 26.285 GC heap before
{Heap before GC invocations=29 (full 0):
 garbage-first heap   total 163840K, used 139973K [0x00000000e0000000, 0x0000000100000000)
  region size 1024K, 48 young (49152K), 7 survivors (7168K)
 Metaspace       used 105793K, committed 109632K, reserved 1179648K
  class space    used 11629K, committed 13376K, reserved 1048576K
}
Event: 26.290 GC heap after
{Heap after GC invocations=30 (full 0):
 garbage-first heap   total 163840K, used 101886K [0x00000000e0000000, 0x0000000100000000)
  region size 1024K, 6 young (6144K), 6 survivors (6144K)
 Metaspace       used 105793K, committed 109632K, reserved 1179648K
  class space    used 11629K, committed 13376K, reserved 1048576K
}
Event: 27.967 GC heap before
{Heap before GC invocations=30 (full 0):
 garbage-first heap   total 163840K, used 147966K [0x00000000e0000000, 0x0000000100000000)
  region size 1024K, 52 young (53248K), 6 survivors (6144K)
 Metaspace       used 109173K, committed 113088K, reserved 1179648K
  class space    used 12021K, committed 13760K, reserved 1048576K
}
Event: 27.971 GC heap after
{Heap after GC invocations=31 (full 0):
 garbage-first heap   total 163840K, used 99542K [0x00000000e0000000, 0x0000000100000000)
  region size 1024K, 3 young (3072K), 3 survivors (3072K)
 Metaspace       used 109173K, committed 113088K, reserved 1179648K
  class space    used 12021K, committed 13760K, reserved 1048576K
}
Event: 29.975 GC heap before
{Heap before GC invocations=31 (full 0):
 garbage-first heap   total 163840K, used 149718K [0x00000000e0000000, 0x0000000100000000)
  region size 1024K, 52 young (53248K), 3 survivors (3072K)
 Metaspace       used 111227K, committed 115264K, reserved 1179648K
  class space    used 12215K, committed 14080K, reserved 1048576K
}
Event: 29.980 GC heap after
{Heap after GC invocations=32 (full 0):
 garbage-first heap   total 163840K, used 105070K [0x00000000e0000000, 0x0000000100000000)
  region size 1024K, 7 young (7168K), 7 survivors (7168K)
 Metaspace       used 111227K, committed 115264K, reserved 1179648K
  class space    used 12215K, committed 14080K, reserved 1048576K
}

Dll operation events (4 events):
Event: 0.025 Loaded shared library C:\Program Files\Android\Android Studio\jbr\bin\java.dll
Event: 0.043 Loaded shared library C:\Program Files\Android\Android Studio\jbr\bin\zip.dll
Event: 2.025 Loaded shared library C:\Program Files\Android\Android Studio\jbr\bin\verify.dll
Event: 20.300 Loaded shared library C:\Program Files\Android\Android Studio\jbr\bin\instrument.dll

Deoptimization events (20 events):
Event: 28.600 Thread 0x000002066bf0a700 DEOPT PACKING pc=0x000002067740788c sp=0x000000c77e9f9950
Event: 28.600 Thread 0x000002066bf0a700 DEOPT UNPACKING pc=0x00000206764e43a2 sp=0x000000c77e9f9908 mode 2
Event: 28.604 Thread 0x000002066bf0a700 Uncommon trap: trap_request=0xffffffc6 fr.pc=0x00000206773ecf74 relative=0x00000000000001b4
Event: 28.604 Thread 0x000002066bf0a700 Uncommon trap: reason=bimorphic_or_optimized_type_check action=maybe_recompile pc=0x00000206773ecf74 method=java.util.AbstractList.rangeCheckForAdd(I)V @ 6 c2
Event: 28.604 Thread 0x000002066bf0a700 DEOPT PACKING pc=0x00000206773ecf74 sp=0x000000c77e9f9950
Event: 28.604 Thread 0x000002066bf0a700 DEOPT UNPACKING pc=0x00000206764e43a2 sp=0x000000c77e9f9880 mode 2
Event: 28.604 Thread 0x000002066bf0a700 Uncommon trap: trap_request=0xffffffc6 fr.pc=0x00000206773ecf74 relative=0x00000000000001b4
Event: 28.604 Thread 0x000002066bf0a700 Uncommon trap: reason=bimorphic_or_optimized_type_check action=maybe_recompile pc=0x00000206773ecf74 method=java.util.AbstractList.rangeCheckForAdd(I)V @ 6 c2
Event: 28.604 Thread 0x000002066bf0a700 DEOPT PACKING pc=0x00000206773ecf74 sp=0x000000c77e9f9950
Event: 28.604 Thread 0x000002066bf0a700 DEOPT UNPACKING pc=0x00000206764e43a2 sp=0x000000c77e9f9880 mode 2
Event: 28.618 Thread 0x000002066bf0a700 Uncommon trap: trap_request=0xffffff45 fr.pc=0x0000020676ef5a80 relative=0x00000000000007a0
Event: 28.618 Thread 0x000002066bf0a700 Uncommon trap: reason=unstable_if action=reinterpret pc=0x0000020676ef5a80 method=net.bytebuddy.utility.visitor.StackAwareMethodVisitor.visitInsn(I)V @ 1 c2
Event: 28.618 Thread 0x000002066bf0a700 DEOPT PACKING pc=0x0000020676ef5a80 sp=0x000000c77e9f9310
Event: 28.618 Thread 0x000002066bf0a700 DEOPT UNPACKING pc=0x00000206764e43a2 sp=0x000000c77e9f92f0 mode 2
Event: 28.618 Thread 0x000002066bf0a700 Uncommon trap: trap_request=0xffffff3d fr.pc=0x0000020676cef2fc relative=0x000000000000083c
Event: 28.618 Thread 0x000002066bf0a700 Uncommon trap: reason=unstable_fused_if action=reinterpret pc=0x0000020676cef2fc method=net.bytebuddy.utility.visitor.StackAwareMethodVisitor.adjustStack(II)V @ 47 c2
Event: 28.618 Thread 0x000002066bf0a700 DEOPT PACKING pc=0x0000020676cef2fc sp=0x000000c77e9f92a0
Event: 28.618 Thread 0x000002066bf0a700 DEOPT UNPACKING pc=0x00000206764e43a2 sp=0x000000c77e9f9278 mode 2
Event: 29.653 Thread 0x000002066bf0a700 DEOPT PACKING pc=0x000002066fe4eac7 sp=0x000000c77e9fdef0
Event: 29.653 Thread 0x000002066bf0a700 DEOPT UNPACKING pc=0x00000206764e4b42 sp=0x000000c77e9fd388 mode 0

Classes loaded (20 events):
Event: 29.647 Loading class com/notepay/ui/feature/transaction/edit/package-info
Event: 29.647 Loading class com/notepay/ui/feature/transaction/edit/package-info done
Event: 29.647 Loading class com/notepay/ui/feature/transaction/edit/package-info
Event: 29.647 Loading class com/notepay/ui/feature/transaction/edit/package-info done
Event: 29.647 Loading class com/notepay/ui/feature/transaction/package-info
Event: 29.647 Loading class com/notepay/ui/feature/transaction/package-info done
Event: 29.648 Loading class com/notepay/ui/feature/package-info
Event: 29.648 Loading class com/notepay/ui/feature/package-info done
Event: 29.648 Loading class com/notepay/ui/package-info
Event: 29.648 Loading class com/notepay/ui/package-info done
Event: 29.648 Loading class com/notepay/package-info
Event: 29.648 Loading class com/notepay/package-info done
Event: 29.648 Loading class com/package-info
Event: 29.648 Loading class com/package-info done
Event: 29.715 Loading class androidx/lifecycle/internal/SavedStateHandleImpl
Event: 29.715 Loading class androidx/lifecycle/internal/SavedStateHandleImpl done
Event: 29.716 Loading class android/os/Bundle
Event: 29.716 Loading class android/os/Bundle done
Event: 29.716 Loading class androidx/lifecycle/internal/SavedStateHandleImpl
Event: 29.716 Loading class androidx/lifecycle/internal/SavedStateHandleImpl done

Classes unloaded (20 events):
Event: 19.507 Thread 0x000002060230d370 Unloading class 0x00000001008f3800 'java/lang/invoke/LambdaForm$MH+0x00000001008f3800'
Event: 19.507 Thread 0x000002060230d370 Unloading class 0x00000001008f3000 'java/lang/invoke/LambdaForm$MH+0x00000001008f3000'
Event: 19.507 Thread 0x000002060230d370 Unloading class 0x00000001008f2c00 'java/lang/invoke/LambdaForm$DMH+0x00000001008f2c00'
Event: 19.507 Thread 0x000002060230d370 Unloading class 0x00000001008f2400 'java/lang/invoke/LambdaForm$MH+0x00000001008f2400'
Event: 19.507 Thread 0x000002060230d370 Unloading class 0x00000001008f1800 'java/lang/invoke/LambdaForm$MH+0x00000001008f1800'
Event: 19.507 Thread 0x000002060230d370 Unloading class 0x00000001008f1000 'java/lang/invoke/LambdaForm$MH+0x00000001008f1000'
Event: 19.507 Thread 0x000002060230d370 Unloading class 0x00000001008f0800 'java/lang/invoke/LambdaForm$MH+0x00000001008f0800'
Event: 19.507 Thread 0x000002060230d370 Unloading class 0x00000001008f0000 'java/lang/invoke/LambdaForm$MH+0x00000001008f0000'
Event: 19.507 Thread 0x000002060230d370 Unloading class 0x00000001008ed800 'java/lang/invoke/LambdaForm$MH+0x00000001008ed800'
Event: 19.507 Thread 0x000002060230d370 Unloading class 0x00000001008ed400 'java/lang/invoke/LambdaForm$MH+0x00000001008ed400'
Event: 19.507 Thread 0x000002060230d370 Unloading class 0x00000001008ecc00 'java/lang/invoke/LambdaForm$MH+0x00000001008ecc00'
Event: 19.507 Thread 0x000002060230d370 Unloading class 0x00000001008ec000 'java/lang/invoke/LambdaForm$MH+0x00000001008ec000'
Event: 19.507 Thread 0x000002060230d370 Unloading class 0x00000001008ebc00 'java/lang/invoke/LambdaForm$DMH+0x00000001008ebc00'
Event: 19.507 Thread 0x000002060230d370 Unloading class 0x00000001008eb400 'java/lang/invoke/LambdaForm$MH+0x00000001008eb400'
Event: 19.507 Thread 0x000002060230d370 Unloading class 0x00000001008ea800 'java/lang/invoke/LambdaForm$MH+0x00000001008ea800'
Event: 19.507 Thread 0x000002060230d370 Unloading class 0x00000001008ea000 'java/lang/invoke/LambdaForm$MH+0x00000001008ea000'
Event: 19.507 Thread 0x000002060230d370 Unloading class 0x00000001008e9c00 'java/lang/invoke/LambdaForm$MH+0x00000001008e9c00'
Event: 19.507 Thread 0x000002060230d370 Unloading class 0x00000001008e9000 'java/lang/invoke/LambdaForm$MH+0x00000001008e9000'
Event: 19.507 Thread 0x000002060230d370 Unloading class 0x00000001008e8c00 'java/lang/invoke/LambdaForm$DMH+0x00000001008e8c00'
Event: 19.507 Thread 0x000002060230d370 Unloading class 0x00000001008e8000 'java/lang/invoke/LambdaForm$DMH+0x00000001008e8000'

Classes redefined (19 events):
Event: 21.232 Thread 0x000002060230d370 redefined class name=com.notepay.domain.repository.TransactionRepository, count=1
Event: 21.526 Thread 0x000002060230d370 redefined class name=com.notepay.domain.repository.WalletRepository, count=1
Event: 22.040 Thread 0x000002060230d370 redefined class name=com.notepay.domain.model.Wallet, count=1
Event: 22.043 Thread 0x000002060230d370 redefined class name=java.lang.Object, count=1
Event: 22.403 Thread 0x000002060230d370 redefined class name=kotlin.Unit, count=2
Event: 22.552 Thread 0x000002060230d370 redefined class name=kotlinx.coroutines.flow.Flow, count=2
Event: 26.490 Thread 0x000002060230d370 redefined class name=android.content.Context, count=2
Event: 26.858 Thread 0x000002060230d370 redefined class name=com.notepay.data.backup.DataExporter, count=1
Event: 26.956 Thread 0x000002060230d370 redefined class name=com.notepay.data.backup.DataImporter, count=1
Event: 27.674 Thread 0x000002060230d370 redefined class name=android.content.SharedPreferences, count=2
Event: 27.870 Thread 0x000002060230d370 redefined class name=android.net.Uri, count=1
Event: 27.870 Thread 0x000002060230d370 redefined class name=java.lang.Comparable, count=2
Event: 27.870 Thread 0x000002060230d370 redefined class name=android.os.Parcelable, count=1
Event: 28.533 Thread 0x000002060230d370 redefined class name=com.notepay.ai.OnDeviceBudgetAdvisor, count=2
Event: 28.669 Thread 0x000002060230d370 redefined class name=com.notepay.domain.analytics.AdvisorAvailability, count=1
Event: 28.669 Thread 0x000002060230d370 redefined class name=java.lang.Enum, count=2
Event: 28.669 Thread 0x000002060230d370 redefined class name=java.lang.constant.Constable, count=2
Event: 28.669 Thread 0x000002060230d370 redefined class name=java.io.Serializable, count=2
Event: 28.782 Thread 0x000002060230d370 redefined class name=com.notepay.domain.analytics.BudgetAdvisorResult, count=2

Internal exceptions (20 events):
Event: 30.000 Thread 0x000002060872fec0 Exception <a 'sun/nio/fs/WindowsException'{0x00000000efb35ea0}> (0x00000000efb35ea0) 
thrown [s\src\hotspot\share\prims\jni.cpp, line 537]
Event: 30.000 Thread 0x000002060872fec0 Exception <a 'sun/nio/fs/WindowsException'{0x00000000efb36f00}> (0x00000000efb36f00) 
thrown [s\src\hotspot\share\prims\jni.cpp, line 537]
Event: 30.001 Thread 0x000002060872fec0 Exception <a 'sun/nio/fs/WindowsException'{0x00000000efb387d0}> (0x00000000efb387d0) 
thrown [s\src\hotspot\share\prims\jni.cpp, line 537]
Event: 30.001 Thread 0x000002060872fec0 Exception <a 'sun/nio/fs/WindowsException'{0x00000000efb398d8}> (0x00000000efb398d8) 
thrown [s\src\hotspot\share\prims\jni.cpp, line 537]
Event: 30.001 Thread 0x000002060872fec0 Exception <a 'sun/nio/fs/WindowsException'{0x00000000efb3a988}> (0x00000000efb3a988) 
thrown [s\src\hotspot\share\prims\jni.cpp, line 537]
Event: 30.001 Thread 0x000002060872fec0 Exception <a 'sun/nio/fs/WindowsException'{0x00000000efb3b9e8}> (0x00000000efb3b9e8) 
thrown [s\src\hotspot\share\prims\jni.cpp, line 537]
Event: 30.001 Thread 0x000002060872fec0 Exception <a 'sun/nio/fs/WindowsException'{0x00000000efb3d2b8}> (0x00000000efb3d2b8) 
thrown [s\src\hotspot\share\prims\jni.cpp, line 537]
Event: 30.001 Thread 0x000002060872fec0 Exception <a 'sun/nio/fs/WindowsException'{0x00000000efb3e658}> (0x00000000efb3e658) 
thrown [s\src\hotspot\share\prims\jni.cpp, line 537]
Event: 30.001 Thread 0x000002060872fec0 Exception <a 'sun/nio/fs/WindowsException'{0x00000000efb3f7e0}> (0x00000000efb3f7e0) 
thrown [s\src\hotspot\share\prims\jni.cpp, line 537]
Event: 30.001 Thread 0x000002060872fec0 Exception <a 'sun/nio/fs/WindowsException'{0x00000000efb40918}> (0x00000000efb40918) 
thrown [s\src\hotspot\share\prims\jni.cpp, line 537]
Event: 30.001 Thread 0x000002060872fec0 Exception <a 'sun/nio/fs/WindowsException'{0x00000000efb423c0}> (0x00000000efb423c0) 
thrown [s\src\hotspot\share\prims\jni.cpp, line 537]
Event: 30.001 Thread 0x000002060872fec0 Exception <a 'sun/nio/fs/WindowsException'{0x00000000efb43598}> (0x00000000efb43598) 
thrown [s\src\hotspot\share\prims\jni.cpp, line 537]
Event: 30.003 Thread 0x000002060872fec0 Exception <a 'sun/nio/fs/WindowsException'{0x00000000efb44720}> (0x00000000efb44720) 
thrown [s\src\hotspot\share\prims\jni.cpp, line 537]
Event: 30.003 Thread 0x000002060872fec0 Exception <a 'sun/nio/fs/WindowsException'{0x00000000efb45858}> (0x00000000efb45858) 
thrown [s\src\hotspot\share\prims\jni.cpp, line 537]
Event: 30.003 Thread 0x000002060872fec0 Exception <a 'sun/nio/fs/WindowsException'{0x00000000efb47300}> (0x00000000efb47300) 
thrown [s\src\hotspot\share\prims\jni.cpp, line 537]
Event: 30.004 Thread 0x000002060872fec0 Exception <a 'java/lang/NoClassDefFoundError'{0x00000000efb47e80}: Could not initialize class io.mockk.impl.JvmMockKGateway> (0x00000000efb47e80) 
thrown [s\src\hotspot\share\oops\instanceKlass.cpp, line 1147]
Event: 30.011 Thread 0x000002060872fec0 Exception <a 'sun/nio/fs/WindowsException'{0x00000000efb6fec0}> (0x00000000efb6fec0) 
thrown [s\src\hotspot\share\prims\jni.cpp, line 537]
Event: 30.011 Thread 0x000002060872fec0 Exception <a 'sun/nio/fs/WindowsException'{0x00000000efb70f08}> (0x00000000efb70f08) 
thrown [s\src\hotspot\share\prims\jni.cpp, line 537]
Event: 30.011 Thread 0x000002060872fec0 Exception <a 'sun/nio/fs/WindowsException'{0x00000000efb71f00}> (0x00000000efb71f00) 
thrown [s\src\hotspot\share\prims\jni.cpp, line 537]
Event: 30.011 Thread 0x000002060872fec0 Exception <a 'sun/nio/fs/WindowsException'{0x00000000efb73050}> (0x00000000efb73050) 
thrown [s\src\hotspot\share\prims\jni.cpp, line 537]

ZGC Phase Switch (0 events):
No events

VM Operations (20 events):
Event: 27.726 Executing safepoint VM operation: RedefineClasses done
Event: 27.761 Executing non-safepoint VM operation: HandshakeAllThreads (Deoptimize)
Event: 27.761 Executing non-safepoint VM operation: HandshakeAllThreads (Deoptimize) done
Event: 27.826 Executing safepoint VM operation: RedefineClasses
Event: 27.924 Executing safepoint VM operation: RedefineClasses done
Event: 27.967 Executing safepoint VM operation: G1CollectForAllocation (G1 Evacuation Pause)
Event: 27.971 Executing safepoint VM operation: G1CollectForAllocation (G1 Evacuation Pause) done
Event: 28.336 Executing safepoint VM operation: ICBufferFull
Event: 28.352 Executing safepoint VM operation: ICBufferFull done
Event: 28.497 Executing safepoint VM operation: RedefineClasses
Event: 28.584 Executing safepoint VM operation: RedefineClasses done
Event: 28.630 Executing safepoint VM operation: RedefineClasses
Event: 28.725 Executing safepoint VM operation: RedefineClasses done
Event: 28.746 Executing safepoint VM operation: RedefineClasses
Event: 28.829 Executing safepoint VM operation: RedefineClasses done
Event: 29.835 Executing safepoint VM operation: Cleanup
Event: 29.835 Executing safepoint VM operation: Cleanup done
Event: 29.974 Executing safepoint VM operation: G1CollectForAllocation (G1 Evacuation Pause)
Event: 29.980 Executing safepoint VM operation: G1CollectForAllocation (G1 Evacuation Pause) done
Event: 30.013 Executing safepoint VM operation: G1PauseRemark

Memory protections (0 events):
No events

Nmethod flushes (20 events):
Event: 30.030 Thread 0x000002060230d370 flushing  nmethod 0x0000020670bbaf10
Event: 30.030 Thread 0x000002060230d370 flushing  nmethod 0x0000020670bbe690
Event: 30.030 Thread 0x000002060230d370 flushing  nmethod 0x0000020670c34810
Event: 30.030 Thread 0x000002060230d370 flushing  nmethod 0x0000020670c35890
Event: 30.030 Thread 0x000002060230d370 flushing  nmethod 0x0000020670c37110
Event: 30.030 Thread 0x000002060230d370 flushing  nmethod 0x0000020670c37c90
Event: 30.030 Thread 0x000002060230d370 flushing  nmethod 0x0000020670c39510
Event: 30.030 Thread 0x000002060230d370 flushing  nmethod 0x0000020670c39c10
Event: 30.030 Thread 0x000002060230d370 flushing  nmethod 0x0000020670c3a910
Event: 30.030 Thread 0x000002060230d370 flushing  nmethod 0x0000020670c3b990
Event: 30.030 Thread 0x000002060230d370 flushing  nmethod 0x0000020670c8da90
Event: 30.030 Thread 0x000002060230d370 flushing  nmethod 0x0000020670c8e010
Event: 30.030 Thread 0x000002060230d370 flushing  nmethod 0x0000020670c8e610
Event: 30.030 Thread 0x000002060230d370 flushing  nmethod 0x0000020670c90e90
Event: 30.030 Thread 0x000002060230d370 flushing  nmethod 0x0000020670c91810
Event: 30.030 Thread 0x000002060230d370 flushing  nmethod 0x0000020670cd8010
Event: 30.030 Thread 0x000002060230d370 flushing  nmethod 0x0000020670dbc390
Event: 30.030 Thread 0x000002060230d370 flushing  nmethod 0x0000020670e06590
Event: 30.030 Thread 0x000002060230d370 flushing  nmethod 0x0000020670f28810
Event: 30.030 Thread 0x000002060230d370 flushing  nmethod 0x0000020670f2b190

Events (20 events):
Event: 29.451 Thread 0x000002060872fec0 Thread added: 0x00000206024fcfa0
Event: 29.454 Thread 0x00000206024fcfa0 Thread exited: 0x00000206024fcfa0
Event: 29.489 Thread 0x000002060872fec0 Thread added: 0x00000206024fcfa0
Event: 29.520 Thread 0x00000206024fcfa0 Thread exited: 0x00000206024fcfa0
Event: 29.547 Thread 0x000002060872fec0 Thread added: 0x00000206024fcfa0
Event: 29.551 Thread 0x00000206024fcfa0 Thread exited: 0x00000206024fcfa0
Event: 29.596 Thread 0x000002060872fec0 Thread added: 0x00000206024fcfa0
Event: 29.609 Thread 0x00000206024fcfa0 Thread exited: 0x00000206024fcfa0
Event: 29.698 Thread 0x000002060872fec0 Thread added: 0x0000020615b39260
Event: 29.702 Thread 0x0000020615b39260 Thread exited: 0x0000020615b39260
Event: 29.756 Thread 0x000002060872fec0 Thread added: 0x0000020615032cd0
Event: 29.760 Thread 0x0000020615032cd0 Thread exited: 0x0000020615032cd0
Event: 29.812 Thread 0x000002060872fec0 Thread added: 0x0000020615032cd0
Event: 29.817 Thread 0x0000020615032cd0 Thread exited: 0x0000020615032cd0
Event: 29.866 Thread 0x000002060872fec0 Thread added: 0x00000206145ec5f0
Event: 29.871 Thread 0x00000206145ec5f0 Thread exited: 0x00000206145ec5f0
Event: 29.920 Thread 0x000002060872fec0 Thread added: 0x00000206145ec5f0
Event: 29.924 Thread 0x00000206145ec5f0 Thread exited: 0x00000206145ec5f0
Event: 29.974 Thread 0x000002060872fec0 Thread added: 0x00000206145ee6c0
Event: 29.989 Thread 0x00000206145ee6c0 Thread exited: 0x00000206145ee6c0


Dynamic libraries:
0x00007ff7da870000 - 0x00007ff7da87a000 	C:\Program Files\Android\Android Studio\jbr\bin\java.exe
0x00007ffa63c00000 - 0x00007ffa63e67000 	C:\WINDOWS\SYSTEM32\ntdll.dll
0x00007ffa62ba0000 - 0x00007ffa62c6b000 	C:\WINDOWS\System32\KERNEL32.DLL
0x00007ffa60e00000 - 0x00007ffa61202000 	C:\WINDOWS\System32\KERNELBASE.dll
0x00007ffa61400000 - 0x00007ffa6154c000 	C:\WINDOWS\System32\ucrtbase.dll
0x00007ffa51b60000 - 0x00007ffa51b7b000 	C:\Program Files\Android\Android Studio\jbr\bin\VCRUNTIME140.dll
0x00007ffa4c6b0000 - 0x00007ffa4c6c8000 	C:\Program Files\Android\Android Studio\jbr\bin\jli.dll
0x00007ffa60040000 - 0x00007ffa602d0000 	C:\WINDOWS\WinSxS\amd64_microsoft.windows.common-controls_6595b64144ccf1df_6.0.26100.9278_none_3e0d1ba8e3303201\COMCTL32.dll
0x00007ffa62200000 - 0x00007ffa623cf000 	C:\WINDOWS\System32\USER32.dll
0x00007ffa62740000 - 0x00007ffa627e9000 	C:\WINDOWS\System32\msvcrt.dll
0x00007ffa616b0000 - 0x00007ffa616d7000 	C:\WINDOWS\System32\win32u.dll
0x00007ffa62b70000 - 0x00007ffa62b9b000 	C:\WINDOWS\System32\GDI32.dll
0x00007ffa61210000 - 0x00007ffa61339000 	C:\WINDOWS\System32\gdi32full.dll
0x00007ffa616e0000 - 0x00007ffa61783000 	C:\WINDOWS\System32\msvcp_win.dll
0x00007ffa62e30000 - 0x00007ffa62e61000 	C:\WINDOWS\System32\IMM32.DLL
0x00007ffa565b0000 - 0x00007ffa565bc000 	C:\Program Files\Android\Android Studio\jbr\bin\vcruntime140_1.dll
0x00007ffa24280000 - 0x00007ffa2430d000 	C:\Program Files\Android\Android Studio\jbr\bin\msvcp140.dll
0x00007ff9baf00000 - 0x00007ff9bbb96000 	C:\Program Files\Android\Android Studio\jbr\bin\server\jvm.dll
0x00007ffa623e0000 - 0x00007ffa6249c000 	C:\WINDOWS\System32\ADVAPI32.dll
0x00007ffa62f30000 - 0x00007ffa62fd9000 	C:\WINDOWS\System32\sechost.dll
0x00007ffa62d10000 - 0x00007ffa62e28000 	C:\WINDOWS\System32\RPCRT4.dll
0x00007ffa62ae0000 - 0x00007ffa62b60000 	C:\WINDOWS\System32\WS2_32.dll
0x00007ffa52240000 - 0x00007ffa52276000 	C:\WINDOWS\SYSTEM32\WINMM.dll
0x00007ffa60630000 - 0x00007ffa6068e000 	C:\WINDOWS\SYSTEM32\POWRPROF.dll
0x00007ffa5f310000 - 0x00007ffa5f31b000 	C:\WINDOWS\SYSTEM32\VERSION.dll
0x00007ffa60320000 - 0x00007ffa60335000 	C:\WINDOWS\SYSTEM32\UMPDC.dll
0x00007ffa5fe10000 - 0x00007ffa5fe2b000 	C:\WINDOWS\SYSTEM32\kernel.appcore.dll
0x00007ffa560e0000 - 0x00007ffa560ea000 	C:\Program Files\Android\Android Studio\jbr\bin\jimage.dll
0x00007ffa606a0000 - 0x00007ffa608ec000 	C:\WINDOWS\SYSTEM32\DBGHELP.DLL
0x00007ffa61e70000 - 0x00007ffa621f5000 	C:\WINDOWS\System32\combase.dll
0x00007ffa62a00000 - 0x00007ffa62ad9000 	C:\WINDOWS\System32\OLEAUT32.dll
0x00007ffa60520000 - 0x00007ffa6055b000 	C:\WINDOWS\SYSTEM32\dbgcore.DLL
0x00007ffa61340000 - 0x00007ffa613ec000 	C:\WINDOWS\System32\bcryptPrimitives.dll
0x00007ffa4bef0000 - 0x00007ffa4bf10000 	C:\Program Files\Android\Android Studio\jbr\bin\java.dll
0x00007ffa494b0000 - 0x00007ffa494c8000 	C:\Program Files\Android\Android Studio\jbr\bin\zip.dll
0x00007ffa63420000 - 0x00007ffa63bb8000 	C:\WINDOWS\System32\SHELL32.dll
0x00007ffa5d690000 - 0x00007ffa5df3e000 	C:\WINDOWS\SYSTEM32\windows.storage.dll
0x00007ffa62fe0000 - 0x00007ffa630db000 	C:\WINDOWS\System32\SHCORE.dll
0x00007ffa627f0000 - 0x00007ffa62856000 	C:\WINDOWS\System32\shlwapi.dll
0x00007ffa60d20000 - 0x00007ffa60d49000 	C:\WINDOWS\SYSTEM32\profapi.dll
0x00007ffa546b0000 - 0x00007ffa546c0000 	C:\Program Files\Android\Android Studio\jbr\bin\net.dll
0x00007ffa54c80000 - 0x00007ffa54daa000 	C:\WINDOWS\SYSTEM32\WINHTTP.dll
0x00007ffa5ef80000 - 0x00007ffa5efec000 	C:\WINDOWS\system32\mswsock.dll
0x00007ffa49490000 - 0x00007ffa494a6000 	C:\Program Files\Android\Android Studio\jbr\bin\nio.dll
0x00007ffa54230000 - 0x00007ffa54239000 	C:\Program Files\Android\Android Studio\jbr\bin\extnet.dll
0x00007ffa60580000 - 0x00007ffa60588000 	C:\WINDOWS\system32\wshunix.dll
0x00007ffa60a20000 - 0x00007ffa60a3b000 	C:\WINDOWS\SYSTEM32\CRYPTSP.dll
0x00007ffa5ea50000 - 0x00007ffa5ea89000 	C:\WINDOWS\system32\rsaenh.dll
0x00007ffa5f030000 - 0x00007ffa5f064000 	C:\WINDOWS\SYSTEM32\USERENV.dll
0x00007ffa60cf0000 - 0x00007ffa60d1a000 	C:\WINDOWS\SYSTEM32\bcrypt.dll
0x00007ffa5f1e0000 - 0x00007ffa5f1ec000 	C:\WINDOWS\SYSTEM32\CRYPTBASE.dll
0x00007ffa5e490000 - 0x00007ffa5e4c3000 	C:\WINDOWS\SYSTEM32\IPHLPAPI.DLL
0x00007ffa62630000 - 0x00007ffa6263a000 	C:\WINDOWS\System32\NSI.dll
0x00007ffa480b0000 - 0x00007ffa480c0000 	C:\Program Files\Android\Android Studio\jbr\bin\verify.dll
0x00007ffa23770000 - 0x00007ffa23958000 	C:\Users\Abc\AppData\Local\Temp\conscrypt_openjdk_jni-windows-x86_6417902395525160000.dll
0x00007ff9caa20000 - 0x00007ff9cb59d000 	C:\Users\Abc\AppData\Local\Temp\robolectric-nativeruntime8145146650177665264\robolectric-nativeruntime.dll
0x00007ffa2b770000 - 0x00007ffa2b77e000 	C:\Program Files\Android\Android Studio\jbr\bin\instrument.dll
0x00007ff9cde00000 - 0x00007ff9cdf99000 	C:\Program Files\Android\Android Studio\jbr\bin\awt.dll
0x00007ffa5ce40000 - 0x00007ffa5ce6f000 	C:\WINDOWS\SYSTEM32\dwmapi.dll
0x00007ffa291f0000 - 0x00007ffa29234000 	C:\Program Files\Android\Android Studio\jbr\bin\nvdaControllerClient64.dll
0x00007ffa31d30000 - 0x00007ffa31da5000 	C:\WINDOWS\SYSTEM32\OLEACC.dll
0x00007ffa59af0000 - 0x00007ffa59b8f000 	C:\WINDOWS\SYSTEM32\apphelp.dll

JVMTI agents:
C:\Users\Abc\.gradle\caches\modules-2\files-2.1\net.bytebuddy\byte-buddy-agent\1.18.2\62f38a6faf7f069d661b79a07d566f504b0b20c4\byte-buddy-agent-1.18.2.jar path:C:\Program Files\Android\Android Studio\jbr\bin\instrument.dll, loaded, initialized, dynamic instrumentlib options:none

dbghelp: loaded successfully - version: 4.0.5 - missing functions: none
symbol engine: initialized successfully - sym options: 0x614 - pdb path: .;C:\Program Files\Android\Android Studio\jbr\bin;C:\WINDOWS\SYSTEM32;C:\WINDOWS\WinSxS\amd64_microsoft.windows.common-controls_6595b64144ccf1df_6.0.26100.9278_none_3e0d1ba8e3303201;C:\Program Files\Android\Android Studio\jbr\bin\server;C:\Users\Abc\AppData\Local\Temp;C:\Users\Abc\AppData\Local\Temp\robolectric-nativeruntime8145146650177665264

VM Arguments:
jvm_args: -Djava.awt.headless=true -Djava.library.path=C:\Program Files\Android\Android Studio\jbr\bin;C:\WINDOWS\Sun\Java\bin;C:\WINDOWS\system32;C:\WINDOWS;C:\Program Files (x86)\VMware\VMware Workstation\bin\;c:\Users\Abc\AppData\Local\Programs\cursor\resources\app\bin;C:\Program Files\Common Files\Oracle\Java\javapath;C:\Program Files (x86)\Common Files\Oracle\Java\java8path;C:\Program Files (x86)\Common Files\Oracle\Java\javapath;C:\Windows\system32;C:\Windows;C:\Windows\System32\Wbem;C:\Windows\System32\WindowsPowerShell\v1.0\;C:\Windows\System32\OpenSSH\;C:\Program Files\NVIDIA Corporation\NVIDIA App\NvDLISR;C:\Program Files (x86)\Microsoft SQL Server\160\Tools\Binn\;C:\Program Files\Microsoft SQL Server\160\Tools\Binn\;C:\Program Files\Microsoft SQL Server\Client SDK\ODBC\170\Tools\Binn\;C:\Program Files\Microsoft SQL Server\160\DTS\Binn\;C:\Users\Abc\AppData\Local\Microsoft\WindowsApps;C:\Users\Abc\.dotnet\tools;C:\adb;C:\Program Files (x86)\NVIDIA Corporation\PhysX\Common;C:\Program Files\Microsoft SQL Server\150\Tools\Binn\;C:\WINDOWS\system32;C:\;C:\Program Files\dotnet\;C:\Program Files\Git\cmd;C:\wamp64\bin\php\php8.3.14;C:\Users\Abc\AppData\Roaming\npm;;C:\WINDOWS;C:\WINDOWS\System32\Wbem;C:\WINDOWS\System32\WindowsPowerShell\v1.0\;C:\WINDOWS\System32\OpenSSH\;C:\Program Files\Apache\maven\bin;C:\Program Files\nodejs\;C:\WINDOWS\system32;C:\WINDOWS;C:\WINDOWS\System32\Wbem;C:\WINDOWS\System32\WindowsPowerShell\v1.0\;C:\WINDOWS\System32\OpenSSH\;C:\Program Files\Cloudflare\Cloudflare WARP\;C:\Program Files\GitHub CLI\;C:\Program Files\Docker\Docker\resources\bin;C:\Users\Abc\AppData\Local\Programs\Python\Python312\;C:\Users\...\AppData\Local\Programs\Python\Python312\Scripts\;C:\Flutter\flutter\bin;C:\Users\Abc\AppData\Local\Microsoft\WindowsApps;C:\Users\Abc\.dotnet\tools;C:\Users\Abc\.lmstudio\bin;C:\Program Files\JetBrains\IntelliJ IDEA 2024.3.5\bin;C:\Program Files\JetBrains\IntelliJ IDEA Community Edition 2024.3.4\bin;C:\Users\Abc\AppData\Local\JetBrains\Toolbox\scripts;C:\Users\A-Dorg.gradle.internal.worker.tmpdir=D:\APP\Ghichuchitieu\app\build\tmp\testLocalDebugUnitTest\work --add-opens=java.base/java.io=ALL-UNNAMED -Xmx512m -Dfile.encoding=UTF-8 -Duser.country=VN -Duser.language=vi -Duser.variant -ea 
java_command: worker.org.gradle.process.internal.worker.GradleWorkerMain 'Gradle Test Executor 8'
java_class_path (initial): C:\\Users\\Abc\\.gradle\\caches\\9.5.0\\workerMain\\gradle-worker.jar;D:\\APP\\Ghichuchitieu\\app\\build\\intermediates\\unit_test_config_directory\\localDebugUnitTest\\generateLocalDebugUnitTestConfig\\out;D:\\APP\\Ghichuchitieu\\app\\build\\intermediates\\classes\\localDebugUnitTest\\transformLocalDebugUnitTestClassesWithAsm\\dirs;D:\\APP\\Ghichuchitieu\\app\\build\\intermediates\\java_res\\localDebugUnitTest\\processLocalDebugUnitTestJavaRes\\out;D:\\APP\\Ghichuchitieu\\app\\build\\intermediates\\runtime_app_classes_jar\\localDebug\\bundleLocalDebugClassesToRuntimeJar\\classes.jar;C:\\Users\\Abc\\.gradle\\caches\\modules-2\\files-2.1\\org.jetbrains.kotlin\\kotlin-test\\2.2.10\\d7893b3da61722e2ac78b9a5939a0a55bc413d95\\kotlin-test-2.2.10.jar;C:\\Users\\Abc\\.gradle\\caches\\modules-2\\files-2.1\\com.google.truth\\truth\\1.4.5\\176753805c1c7d8ec439dd61c48bd688cdc48436\\truth-1.4.5.jar;C:\\Users\\Abc\\.gradle\\caches\\9.5.0\\transforms\\92710df89c18fe006aa47ec089f5b5be\\transformed\\work-runtime-ktx-2.11.2-runtime.jar;C:\\Users\\Abc\\.gradle\\caches\\9.5.0\\transforms\\0aa4dc6216239f42df20cf47ebecdc9d\\transformed\\hilt-work-1.3.0-runtime.jar;C:\\Users\\Abc\\.gradle\\caches\\9.5.0\\transforms\\8e247a73ab2e78d88dccb2852e501a85\\transformed\\work-runtime-2.11.2-runtime.jar;C:\\Users\\Abc\\.gradle\\caches\\modules-2\\files-2.1\\androidx.room\\room-migration-jvm\\2.8.5\\3f02f7f50c633d49f483c3635a9a83aee75e99ed\\room-migration-jvm-2.8.5.jar;C:\\Users\\Abc\\.gradle\\caches\\modules-2\\files-2.1\\androidx.room\\room-common-jvm\\2.8.5\\3aeefef6615720bec8c860dd0786b48552ef3300\\room-common-jvm-2.8.5.jar;C:\\Users\\Abc\\.gradle\\caches\\9.5.0\\transforms\\d3a55315ce1015b09f33f5f1b0f1cd15\\transformed\\room-runtime-runtime.jar;C:\\Users\\Abc\\.gradle\\caches\\9.5.0\\transforms\\e24feba3370c1b1b902a7a719c7d35bc\\transformed\\room-ktx-2.8.5-runtime.jar;C:\\Users\\Abc\\.gradle\\caches\\9.5.0\\transforms\\82ef66cfe460831e041be68a94fec3a2\\transformed\\room-testing-runtime.jar;C:\\Users\\Abc\\.gradle\\caches\\modules-2\\files-2.1\\junit\\junit\\4.13.2\\8ac9e16d933b6fb43bc7f576336b8f4d7eb5ba12\\junit-4.13.2.jar;C:\\Users\\Abc\\.gradle\\caches\\modules-2\\files-2.1\\app.cash.turbine\\turbine-jvm\\1.2.1\\80767e0dc7df24e2ef980ae47a565d7726290fa3\\Turbine-jvm.jar;C:\\Users\\Abc\\.gradle\\caches\\9.5.0\\transforms\\e0077cd871adc46a01fd93847aa486e6\\transformed\\generativeai-0.9.0-runtime.jar;C:\\Users\\Abc\\.gradle\\caches\\9.5.0\\transforms\\40d1a6680d44f3c5f969b733fd88a6cf\\transformed\\hilt-navigation-compose-1.4.0-runtime.jar;C:\\Users\\Abc\\.gradle\\caches\\9.5.0\\transforms\\5a365049b1704d41a5bb7558f4a48880\\transformed\\hilt-lifecycle-viewmodel-compose-1.4.0-runtime.jar;C:\\Users\\Abc\\.gradle\\caches\\9.5.0\\transforms\\269087057703be10cdfc5a37fb1d6c78\\transformed\\hilt-lifecycle-viewmodel-1.4.0-runtime.jar;C:\\Users\\Abc\\.gradle\\caches\\9.5.0\\transforms\\40a6bf1636d7748da786306c13bb8586\\transformed\\hilt-android-2.60.1-runtime.jar;C:\\Users\\Abc\\.gradle\\caches\\9.5.0\\transforms\\c810f44e9192624ed38ca29a95076f44\\transformed\\backdrop-runtime.jar;C:\\Users\\Abc\\.gradle\\caches\\9.5.0\\transforms\\2623a645b37d341ec59c345c428f7bc5\\transformed\\coil-compose-release-runtime.jar;C:\\Users\\Abc\\.gradle\\caches\\9.5.0\\transforms\\ca443f8e800fddca0b28c7107d24aac8\\transformed\\coil-compose-core-release-runtime.jar;C:\\Users\\Abc\\.gradle\\caches\\9.5.0\\transforms\\b930435a636194933a017e1437425298\\transformed\\shapes-runtime.jar;C:\\Users\\Abc\\.gradle\\caches\\9.5.0\\transforms\\779419d9d7d9ade1649f714847ed52fd\\transformed\\navigation-runtime-runtime.jar;C:\\Users\\Abc\\.gradle\\caches\\9.5.0\\transforms\\f20bc3725208818d6b301bf58d073e73\\transformed\\navigation-common-runtime.jar;C:\\Users\\Abc\\.gradle\\caches\\9.5.0\\transforms\\5313d1450489ab1ee8ca60fcd1a7855f\\transformed\\navigation-compose-runtime.jar;C:\\Users\\Abc\\.gradle\\caches\\9.5.0\\transforms\\b553fb0fe80dff4635652705e73d1d51\\transformed\\animation-core-runtime.jar;C:\\Users\\Abc\\.gradle\\caches\\9.5.0\\transforms\\efec536e0aa65c8a2ebe1381a7f9fd2c\\transformed\\material-ripple-runtime.jar;C:\\Users\\Abc\\.gradle\\caches\\9.5.0\\transforms\\0862530a64965c7fbad7e2060f1aaff6\\transformed\\animation-runtime.jar;C:\\Users\\Abc\\.gradle\\caches\\9.5.0\\transforms\\ebcd13a36e3a88376750fa11c5d44bd4\\transformed\\foundation-layout-runtime.jar;C:\\Users\\Abc\\.gradle\\caches\\9.5.0\\transforms\\5477d0cc80768dfe9b8ee477f69bf214\\transformed\\foundation-runtime.jar;C:\\Users\\Abc\\.gradle\\caches\\9.5.0\\transforms\\71c4a87aea53dc885b6b8a177020bdf9\\transformed\\ui-tooling-data-runtime.jar;C:\\Users\\Abc\\.gradle\\caches\\9.5.0\\transforms\\72fe05cd8fcca021c6d49e3a09e20b9f\\transformed\\ui-unit-runtime.jar;C:\\Users\\Abc\\.gradle\\caches\\9.5.0\\transforms\\8298e1a594449ef187c2b0997635f4a2\\transformed\\ui-geometry-runtime.jar;C:\\Users\\Abc\\.gradle\\caches\\9.5.0\\transforms\\8e9711a3892cdc02f0d2ee9470682182\\transformed\\ui-util-runtime.jar;C:\\Users\\Abc\\.gradle\\caches\\9.5.0\\transforms\\0a3b55230ee87e47f74344e384c0aacd\\transformed\\ui-text-runtime.jar;C:\\Users\\Abc\\.gradle\\caches\\9.5.0\\transforms\\4999a429268d8d641fbd4aec92663605\\transformed\\ui-tooling-preview-runtime.jar;C:\\Users\\Abc\\.gradle\\caches\\9.5.0\\transforms\\4e29ff7f2d75ec1ce7a31b870dd3dcd2\\transformed\\ui-graphics-runtime.jar;C:\\Users\\Abc\\.gradle\\caches\\9.5.0\\transforms\\5ac79bf0e30a1eb4a8c2e4447e646605\\transformed\\ui-tooling-runtime.jar;C:\\Users\\Abc\\.gradle\\caches\\9.5.0\\transforms\\90a77a7b67286d82ed0da3cac8a9076a\\transformed\\material3-runtime.jar;C:\\Users\\Abc\\.gradle\\caches\\9.5.0\\transforms\\2b5b149537c6a64fa06540ff1b02184a\\transformed\\material-icons-extended-release-runtime.jar;C:\\Users\\Abc\\.gradle\\caches\\9.5.0\\transforms\\d94db4802c4d46081a72b032f1e12bad\\transformed\\material-icons-core-release-runtime.jar;C:\\Users\\Abc\\.gradle\\caches\\9.5.0\\transforms\\ad37e0c2e3fa082af3ea4eafaed0299d\\transformed\\navigationevent-runtime.jar;C:\\Users\\Abc\\.gradle\\caches\\9.5.0\\transforms\\a61929a85c8ce9a9cf149dda0b3f109e\\transformed\\navigationevent-compose-runtime.jar;C:\\Users\\Abc\\.gradle\\caches\\9.5.0\\transforms\\3093f6524f8cbb8594804220f7b156e5\\transformed\\accompanist-drawablepainter-0.37.3-runtime.jar;C:\\Users\\Abc\\.gradle\\caches\\9.5.0\\transforms\\618cb01e63117b822a1cef7c68b7064a\\transformed\\ui-runtime.jar;C:\\Users\\Abc\\.gradle\\caches\\9.5.0\\transforms\\50c8e89a24567a6a117a61aa4b1137c8\\transformed\\ui-test-manifest-1.11.3-runtime.jar;C:\\Users\\Abc\\.gradle\\caches\\9.5.0\\transforms\\92854868a00c3cd6c8472428790d5a6c\\transformed\\genai-prompt-1.0.0-beta4-runtime.jar;C:\\Users\\Abc\\.gradle\\caches\\9.5.0\\transforms\\803ab54b279a80a56d68605482a2ad84\\transformed\\play-services-mlkit-text-recognition-19.0.1-runtime.jar;C:\\Users\\Abc\\.gradle\\caches\\9.5.0\\transforms\\e52f2ada990e9ccc3a4b678732cd36b6\\transformed\\play-services-mlkit-text-recognition-common-19.1.0-runtime.jar;C:\\Users\\Abc\\.gradle\\caches\\9.5.0\\transforms\\fffc2edc1b661d64cc5e67124391a47a\\transformed\\vision-common-17.3.0-runtime.jar;C:\\Users\\Abc\\.gradle\\caches\\9.5.0\\transforms\\d337a4f3a97c8c31bb89526e499b89ab\\transformed\\common-18.11.0-runtime.jar;C:\\Users\\Abc\\.gradle\\caches\\9.5.0\\transforms\\5d1a29b875812b326b99bf8802f479a9\\transformed\\core-splashscreen-1.2.0-runtime.jar;C:\\Users\\Abc\\.gradle\\caches\\modules-2\\files-2.1\\io.coil-kt.coil3\\coil-network-okhttp-jvm\\3.2.0\\e7dbaa82df49fa511e99631c41beb0f5c5d10eab\\coil-network-okhttp-jvm-3.2.0.jar;C:\\Users\\Abc\\.gradle\\caches\\9.5.0\\transforms\\0ae457a6fb5f98b192b2110dc40c9152\\transformed\\coil-release-runtime.jar;C:\\Users\\Abc\\.gradle\\caches\\9.5.0\\transforms\\fc2b4af39cf7909f1472392cfa141992\\transformed\\coil-network-core-release-runtime.jar;C:\\Users\\Abc\\.gradle\\caches\\9.5.0\\transforms\\14ec298e29db04c6a330c58c04dca9bd\\transformed\\coil-core-release-runtime.jar;C:\\Users\\Abc\\.gradle\\caches\\9.5.0\\transforms\\9fb5d1f89df9ac50ee089b478a49a48e\\transformed\\appcompat-resources-1.7.0-runtime.jar;C:\\Users\\Abc\\.gradle\\caches\\9.5.0\\transforms\\a1eae75f4a81ee5dc4274155ca92ae4d\\transformed\\appcompat-1.7.0-runtime.jar;C:\\Users\\Abc\\.gradle\\caches\\9.5.0\\transforms\\3280f37cace8bea453186ffdeb4a2cab\\transformed\\activity-ktx-1.13.0-runtime.jar;C:\\Users\\Abc\\.gradle\\caches\\9.5.0\\transforms\\5a7b7c5816e11cdde63af1d68432e06e\\transformed\\play-services-base-18.5.0-runtime.jar;C:\\Users\\Abc\\.gradle\\caches\\9.5.0\\transforms\\dcbba9257f3a773afda5e068a4c2e864\\transformed\\vision-interfaces-16.3.0-runtime.jar;C:\\Users\\Abc\\.gradle\\caches\\9.5.0\\transforms\\1be509efb305d6426cd144a779f52f8b\\transformed\\play-services-tasks-18.2.0-runtime.jar;C:\\Users\\Abc\\.gradle\\caches\\9.5.0\\transforms\\27cf7b274ade947d68ba4e58f07d0166\\transformed\\genai-common-1.0.0-beta4-runtime.jar;C:\\Users\\Abc\\.gradle\\caches\\9.5.0\\transforms\\7b6c494935c3d781b3f105522a966154\\transformed\\play-services-basement-18.9.0-runtime.jar;C:\\Users\\Abc\\.gradle\\caches\\9.5.0\\transforms\\d9fc3f78d7d667418338cb48532638df\\transformed\\fragment-1.5.4-runtime.jar;C:\\Users\\Abc\\.gradle\\caches\\9.5.0\\transforms\\5ae047a403d7968fdc206021e3521ab8\\transformed\\activity-1.13.0-runtime.jar;C:\\Users\\Abc\\.gradle\\caches\\9.5.0\\transforms\\cb21d9a5efeb939c05e2f9fab7cb3dcf\\transformed\\activity-compose-1.13.0-runtime.jar;C:\\Users\\Abc\\.gradle\\caches\\9.5.0\\transforms\\1c2fad4ea01882c2cea5406442895c44\\transformed\\common-0.8.0-runtime.jar;C:\\Users\\Abc\\.gradle\\caches\\9.5.0\\transforms\\cc775500480a05686a892af02826e829\\transformed\\customview-poolingcontainer-1.0.0-runtime.jar;C:\\Users\\Abc\\.gradle\\caches\\9.5.0\\transforms\\352ceb65e4967c42cd0bb33752eac15d\\transformed\\core-ktx-1.19.0-runtime.jar;C:\\Users\\Abc\\.gradle\\caches\\9.5.0\\transforms\\d2a7782a3ebe5a4fd5107eed61652005\\transformed\\vectordrawable-animated-1.1.0-runtime.jar;C:\\Users\\Abc\\.gradle\\caches\\9.5.0\\transforms\\1e30816553d3daa39f3c8dafb3c6c9a2\\transformed\\vectordrawable-1.1.0-runtime.jar;C:\\Users\\Abc\\.gradle\\caches\\9.5.0\\transforms\\5d9a6e492cfe31405e3e20c96d65a9bf\\transformed\\autofill-1.0.0-runtime.jar;C:\\Users\\Abc\\.gradle\\caches\\9.5.0\\transforms\\d7b756e0d51ff096e47206e83c387d34\\transformed\\transition-1.6.0-runtime.jar;C:\\Users\\Abc\\.gradle\\caches\\9.5.0\\transforms\\08135284790905cf4d4748ace39800e2\\transformed\\window-core-runtime.jar;C:\\Users\\Abc\\.gradle\\caches\\9.5.0\\transforms\\927e181cdc8ce866c358afde4219f3f9\\transformed\\window-1.5.0-runtime.jar;C:\\Users\\Abc\\.gradle\\caches\\9.5.0\\transforms\\27b0981035f2ba2743152ad7a06ce78b\\transformed\\graphics-path-1.0.1-runtime.jar;C:\\Users\\Abc\\.gradle\\caches\\9.5.0\\transforms\\7aac685523ed5bc567281e866a59bcfc\\transformed\\drawerlayout-1.0.0-runtime.jar;C:\\Users\\Abc\\.gradle\\caches\\9.5.0\\transforms\\465465ea8290edc29ab5e2f7d0e651cc\\transformed\\dynamicanimation-1.0.0-runtime.jar;C:\\Users\\Abc\\.gradle\\caches\\9.5.0\\transforms\\834c92b010e5ec752b202e97cddf8d16\\transformed\\legacy-support-core-utils-1.0.0-runtime.jar;C:\\Users\\Abc\\.gradle\\caches\\9.5.0\\transforms\\b8d4a9d84916d8e59a9a8b414c1ed7f4\\transformed\\loader-1.0.0-runtime.jar;C:\\Users\\Abc\\.gradle\\caches\\9.5.0\\transforms\\3b0fb8db3bc6e6535e4d05278dbdef83\\transformed\\viewpager-1.0.0-runtime.jar;C:\\Users\\Abc\\.gradle\\caches\\9.5.0\\transforms\\0f2571521e2649c3c115d90de2d246ae\\transformed\\customview-1.0.0-runtime.jar;C:\\Users\\Abc\\.gradle\\caches\\9.5.0\\transforms\\b0f19d7cc54b95d07c6664277012d162\\transformed\\emoji2-views-helper-1.4.0-runtime.jar;C:\\Users\\Abc\\.gradle\\caches\\9.5.0\\transforms\\231d0fb4cdecba0d4b94955015499c1c\\transformed\\emoji2-1.4.0-runtime.jar;C:\\Users\\Abc\\.gradle\\caches\\9.5.0\\transforms\\a0ed4e6dd54b303c5aa8c15ee23ab6d7\\transformed\\core-1.19.0-runtime.jar;C:\\Users\\Abc\\.gradle\\caches\\9.5.0\\transforms\\4ae88f4a432e2c774c276debc8df726b\\transformed\\lifecycle-process-2.11.0-runtime.jar;C:\\Users\\Abc\\.gradle\\caches\\9.5.0\\transforms\\34b6f7091816d441db5debaadd5c9ef9\\transformed\\lifecycle-livedata-core-ktx-2.11.0-runtime.jar;C:\\Users\\Abc\\.gradle\\caches\\9.5.0\\transforms\\26f2444af5e23f766183fe48416ddb03\\transformed\\lifecycle-livedata-core-2.11.0-runtime.jar;C:\\Users\\Abc\\.gradle\\caches\\9.5.0\\transforms\\14e7418693e43785c73627f4cc6df2e2\\transformed\\lifecycle-viewmodel-ktx-2.11.0-runtime.jar;C:\\Users\\Abc\\.gradle\\caches\\modules-2\\files-2.1\\androidx.lifecycle\\lifecycle-common-java8\\2.11.0\\9d9c098b5dc3bbcdce8ec4495991b9b0ee25606e\\lifecycle-common-java8-2.11.0.jar;C:\\Users\\Abc\\.gradle\\caches\\9.5.0\\transforms\\ce40f42be1671a807d48934e530e9eb7\\transformed\\lifecycle-viewmodel-2.11.0-runtime.jar;C:\\Users\\Abc\\.gradle\\caches\\9.5.0\\transforms\\0866288259c1d5ca64fb726185675b77\\transformed\\lifecycle-viewmodel-runtime.jar;C:\\Users\\Abc\\.gradle\\caches\\modules-2\\files-2.1\\androidx.lifecycle\\lifecycle-common-jvm\\2.11.0\\2c4f7d92f1fd723121d394c93455f50158403ad9\\lifecycle-common-jvm-2.11.0.jar;C:\\Users\\Abc\\.gradle\\caches\\9.5.0\\transforms\\153e4eaf0a0ee248c2e00732a6ddac34\\transformed\\lifecycle-runtime-runtime.jar;C:\\Users\\Abc\\.gradle\\caches\\9.5.0\\transforms\\64c393225daf2ea78889307b0e8e21e1\\transformed\\lifecycle-service-2.11.0-runtime.jar;C:\\Users\\Abc\\.gradle\\caches\\9.5.0\\transforms\\98342c4440652a0dddd44a2d56eb4316\\transformed\\lifecycle-livedata-2.11.0-runtime.jar;C:\\Users\\Abc\\.gradle\\caches\\9.5.0\\transforms\\ca880f01059c757faef00374f2ca3559\\transformed\\lifecycle-viewmodel-savedstate-runtime.jar;C:\\Users\\Abc\\.gradle\\caches\\9.5.0\\transforms\\bb17a0909b43fe30561a9d25ce7a4949\\transformed\\savedstate-runtime.jar;C:\\Users\\Abc\\.gradle\\caches\\9.5.0\\transforms\\d5e6fe43c9d1e6395cfbdf64dd0502ff\\transformed\\savedstate-ktx-1.5.0-runtime.jar;C:\\Users\\Abc\\.gradle\\caches\\9.5.0\\transforms\\f12eb691fd61593b11cb8aa5572507ac\\transformed\\savedstate-compose-runtime.jar;C:\\Users\\Abc\\.gradle\\caches\\9.5.0\\transforms\\348d08101b0d250fd7befe42e2576e27\\transformed\\runtime-annotation-runtime.jar;C:\\Users\\Abc\\.gradle\\caches\\9.5.0\\transforms\\52e995d78b294bf4ef235169e604d20a\\transformed\\runtime-retain-runtime.jar;C:\\Users\\Abc\\.gradle\\caches\\9.5.0\\transforms\\bdd03723bfc484af7bc7b90dc29fd4b6\\transformed\\runtime-runtime.jar;C:\\Users\\Abc\\.gradle\\caches\\9.5.0\\transforms\\bf56ee88195eb946cb5b0e8589208fda\\transformed\\runtime-saveable-runtime.jar;C:\\Users\\Abc\\.gradle\\caches\\9.5.0\\transforms\\26091087cfb76f418bbda6445a618e83\\transformed\\lifecycle-runtime-compose-runtime.jar;C:\\Users\\Abc\\.gradle\\caches\\9.5.0\\transforms\\e1f708eae095c0e0e8ea5fe2cf720142\\transformed\\lifecycle-viewmodel-compose-runtime.jar;C:\\Users\\Abc\\.gradle\\caches\\9.5.0\\transforms\\7b07dfd8a46a0c04b502ba81a02deebf\\transformed\\lifecycle-runtime-ktx-runtime.jar;C:\\Users\\Abc\\.gradle\\caches\\modules-2\\files-2.1\\org.jetbrains.kotlinx\\kotlinx-coroutines-android\\1.11.0\\51ffb50a6478872fbbac6cbd48f09553bf4e9e7d\\kotlinx-coroutines-android-1.11.0.jar;C:\\Users\\Abc\\.gradle\\caches\\modules-2\\files-2.1\\io.mockk\\mockk-jvm\\1.14.11\\fbe5737bad60ed64774cb6865ce3aaae923d7588\\mockk-jvm-1.14.11.jar;C:\\Users\\Abc\\.gradle\\caches\\modules-2\\files-2.1\\org.jetbrains.kotlinx\\kotlinx-coroutines-test-jvm\\1.11.0\\1dfe8ce2b805d913922f283b386895bd0979dfcb\\kotlinx-coroutines-test-jvm-1.11.0.jar;C:\\Users\\Abc\\.gradle\\caches\\modules-2\\files-2.1\\org.jetbrains.kotlinx\\kotlinx-coroutines-guava\\1.11.0\\72e26fc01a716b2e534566ae5f5a4517d3dfd960\\kotlinx-coroutines-guava-1.11.0.jar;C:\\Users\\Abc\\.gradle\\caches\\modules-2\\files-2.1\\org.jetbrains.kotlinx\\kotlinx-coroutines-reactive\\1.11.0\\18a20c47a2c43aea5ad949ed93dcb52705ed454b\\kotlinx-coroutines-reactive-1.11.0.jar;C:\\Users\\Abc\\.gradle\\caches\\modules-2\\files-2.1\\io.mockk\\mockk-dsl-jvm\\1.14.11\\c8ce749d4a56913062655bb9058adb8d1f772068\\mockk-dsl-jvm-1.14.11.jar;C:\\Users\\Abc\\.gradle\\caches\\modules-2\\files-2.1\\io.ktor\\ktor-client-okhttp-jvm\\2.3.2\\5ffb6be71200b631b23479fd197131136f70bc2d\\ktor-client-okhttp-jvm-2.3.2.jar;C:\\Users\\Abc\\.gradle\\caches\\modules-2\\files-2.1\\io.ktor\\ktor-client-content-negotiation-jvm\\2.3.2\\9ed23f86f2a006c73f13f99a5b77e01208f9b733\\ktor-client-content-negotiation-jvm-2.3.2.jar;C:\\Users\\Abc\\.gradle\\caches\\modules-2\\files-2.1\\io.ktor\\ktor-client-logging-jvm\\2.3.2\\9d9410538b16be2656089559961434888c6dc8d5\\ktor-client-logging-jvm-2.3.2.jar;C:\\Users\\Abc\\.gradle\\caches\\modules-2\\files-2.1\\io.ktor\\ktor-client-core-jvm\\2.3.2\\b6ccf5b17afc2df0c2d6882f321fd66bb42c7ae9\\ktor-client-core-jvm-2.3.2.jar;C:\\Users\\Abc\\.gradle\\caches\\modules-2\\files-2.1\\io.ktor\\ktor-serialization-kotlinx-json-jvm\\2.3.2\\fba15b370a2933abb5076f958c539ca0dcb8d1fd\\ktor-serialization-kotlinx-json-jvm-2.3.2.jar;C:\\Users\\Abc\\.gradle\\caches\\modules-2\\files-2.1\\io.ktor\\ktor-events-jvm\\2.3.2\\436c568ca8381a3fef4a694f81b1b0d62ce670c3\\ktor-events-jvm-2.3.2.jar;C:\\Users\\Abc\\.gradle\\caches\\modules-2\\files-2.1\\io.ktor\\ktor-websocket-serialization-jvm\\2.3.2\\c741c542219ad84a95af6da0d78ccbeace2002f6\\ktor-websocket-serialization-jvm-2.3.2.jar;C:\\Users\\Abc\\.gradle\\caches\\modules-2\\files-2.1\\io.ktor\\ktor-serialization-kotlinx-jvm\\2.3.2\\fd32c467882ca1f1a049a08e2813af9937b821aa\\ktor-serialization-kotlinx-jvm-2.3.2.jar;C:\\Users\\Abc\\.gradle\\caches\\modules-2\\files-2.1\\io.ktor\\ktor-serialization-jvm\\2.3.2\\23ca3bc995da97cd29de4e9e047da0009ebeedd9\\ktor-serialization-jvm-2.3.2.jar;C:\\Users\\Abc\\.gradle\\caches\\modules-2\\files-2.1\\io.ktor\\ktor-websockets-jvm\\2.3.2\\210ba61f35da17e7b57bd5c493f330db7de88c95\\ktor-websockets-jvm-2.3.2.jar;C:\\Users\\Abc\\.gradle\\caches\\modules-2\\files-2.1\\io.ktor\\ktor-http-jvm\\2.3.2\\a7a872627b3355eab152932c28101454f82e95b0\\ktor-http-jvm-2.3.2.jar;C:\\Users\\Abc\\.gradle\\caches\\modules-2\\files-2.1\\io.ktor\\ktor-utils-jvm\\2.3.2\\ca2818dc811d46ad8719cb9b207c75864921b3ec\\ktor-utils-jvm-2.3.2.jar;C:\\Users\\Abc\\.gradle\\caches\\modules-2\\files-2.1\\io.ktor\\ktor-io-jvm\\2.3.2\\461667ef8369e8e488d05fdaa39ce0e3bf465e4c\\ktor-io-jvm-2.3.2.jar;C:\\Users\\Abc\\.gradle\\caches\\modules-2\\files-2.1\\org.jetbrains.kotlinx\\kotlinx-coroutines-jdk8\\1.11.0\\e470357f495c20ec5bccc6b97d90f8291f7969f8\\kotlinx-coroutines-jdk8-1.11.0.jar;C:\\Users\\Abc\\.gradle\\caches\\modules-2\\files-2.1\\org.jetbrains.kotlinx\\kotlinx-coroutines-slf4j\\1.11.0\\556153d93573d016dd4e5df37e3d03d07d8d303\\kotlinx-coroutines-slf4j-1.11.0.jar;C:\\Users\\Abc\\.gradle\\caches\\modules-2\\files-2.1\\androidx.datastore\\datastore-preferences-external-protobuf\\1.2.1\\200a891fd29602b4bcff8e197d243a372fb026d5\\datastore-preferences-external-protobuf-1.2.1.jar;C:\\Users\\Abc\\.gradle\\caches\\modules-2\\files-2.1\\androidx.datastore\\datastore-core-okio-jvm\\1.2.1\\16e01a0603ce8cf206b21a304ff1ded7a9bff1da\\datastore-core-okio-jvm-1.2.1.jar;C:\\Users\\Abc\\.gradle\\caches\\9.5.0\\transforms\\0d3f267a8b9f90076d299847c905d338\\transformed\\datastore-core-runtime.jar;C:\\Users\\Abc\\.gradle\\caches\\modules-2\\files-2.1\\androidx.datastore\\datastore-preferences-proto\\1.2.1\\5d062b556fb45141138c3d86284bbdcbe07cc770\\datastore-preferences-proto-1.2.1.jar;C:\\Users\\Abc\\.gradle\\caches\\9.5.0\\transforms\\4c04e5a06eed0cd0795ecd3011797714\\transformed\\datastore-preferences-core-runtime.jar;C:\\Users\\Abc\\.gradle\\caches\\9.5.0\\transforms\\57cb6df224e46eec09473bbf97184ddb\\transformed\\datastore-runtime.jar;C:\\Users\\Abc\\.gradle\\caches\\9.5.0\\transforms\\8de450170b9ea34f5a46be9ee24b83f6\\transformed\\datastore-preferences-runtime.jar;C:\\Users\\Abc\\.gradle\\caches\\9.5.0\\transforms\\34a71d40f4af605100973b088a27ad41\\transformed\\profileinstaller-1.4.1-runtime.jar;C:\\Users\\Abc\\.gradle\\caches\\modules-2\\files-2.1\\androidx.concurrent\\concurrent-futures\\1.2.0-alpha03\\719a071a5b713cddbb81f3b2c94cb8246bd064ad\\concurrent-futures-1.2.0-alpha03.jar;C:\\Users\\Abc\\.gradle\\caches\\modules-2\\files-2.1\\androidx.concurrent\\concurrent-futures-ktx\\1.2.0-alpha03\\33bfff0b4d1b25c76bd2d355fec8f188d7bae241\\concurrent-futures-ktx-1.2.0-alpha03.jar;C:\\Users\\Abc\\.gradle\\caches\\modules-2\\files-2.1\\org.jetbrains.kotlinx\\kotlinx-coroutines-core-jvm\\1.11.0\\3d57dc678bd8d72a60e7adf0eca5c54e3f4f4b79\\kotlinx-coroutines-core-jvm-1.11.0.jar;C:\\Users\\Abc\\.gradle\\caches\\modules-2\\files-2.1\\org.robolectric\\robolectric\\4.17\\31a19773cc1daf1be0f77769497371ddf18a518f\\robolectric-4.17.jar;C:\\Users\\Abc\\.gradle\\caches\\modules-2\\files-2.1\\org.jetbrains.kotlinx\\kotlinx-datetime-jvm\\0.8.0\\316346a7d44778581ff91154f72dfa576bce4ee2\\kotlinx-datetime-jvm-0.8.0.jar;C:\\Users\\Abc\\.gradle\\caches\\modules-2\\files-2.1\\com.google.mlkit\\genai-schema\\1.0.0-alpha1\\bff6644c83ba6ff9a925e450df7540188569c232\\genai-schema-1.0.0-alpha1.jar;C:\\Users\\Abc\\.gradle\\caches\\modules-2\\files-2.1\\io.mockk\\mockk-agent-jvm\\1.14.11\\e1e1acc201dc6ec3bfb9d2d8f10e5960eda3c9f0\\mockk-agent-jvm-1.14.11.jar;C:\\Users\\Abc\\.gradle\\caches\\modules-2\\files-2.1\\io.mockk\\mockk-core-jvm\\1.14.11\\79bd4a6018f7cf10b6b5cc539048804f1225cc21\\mockk-core-jvm-1.14.11.jar;C:\\Users\\Abc\\.gradle\\caches\\modules-2\\files-2.1\\org.jetbrains.kotlin\\kotlin-reflect\\2.2.21\\17bc47f5dfe27c2351538e711f0afe377b0de6b2\\kotlin-reflect-2.2.21.jar;C:\\Users\\Abc\\.gradle\\caches\\9.5.0\\transforms\\062746c5b3e9d973c4241dd1bc7e7447\\transformed\\core-viewtree-1.0.0-runtime.jar;C:\\Users\\Abc\\.gradle\\caches\\modules-2\\files-2.1\\com.squareup.okhttp3\\okhttp\\4.12.0\\2f4525d4a200e97e1b87449c2cd9bd2e25b7e8cd\\okhttp-4.12.0.jar;C:\\Users\\Abc\\.gradle\\caches\\modules-2\\files-2.1\\org.jetbrains.kotlin\\kotlin-stdlib-jdk8\\1.8.22\\b25c86d47d6b962b9cf0f8c3f320c8a10eea3dd1\\kotlin-stdlib-jdk8-1.8.22.jar;C:\\Users\\Abc\\.gradle\\caches\\9.5.0\\transforms\\60fa2006188bb3dd26b9b380cc452af3\\transformed\\annotation-experimental-1.5.0-runtime.jar;C:\\Users\\Abc\\.gradle\\caches\\9.5.0\\transforms\\2d442436522f45b0cba51f0f2428f756\\transformed\\startup-runtime-1.1.1-runtime.jar;C:\\Users\\Abc\\.gradle\\caches\\9.5.0\\transforms\\81cf8fe171adb699a608d3eecfefbd5b\\transformed\\tracing-1.2.0-runtime.jar;C:\\Users\\Abc\\.gradle\\caches\\9.5.0\\transforms\\61b0f7374c375bd76ce84ef189fc47ef\\transformed\\tracing-ktx-1.2.0-runtime.jar;C:\\Users\\Abc\\.gradle\\caches\\modules-2\\files-2.1\\io.mockk\\mockk-agent-api-jvm\\1.14.11\\a823c7aebc0396b4201c0d397ac352fad30c76d8\\mockk-agent-api-jvm-1.14.11.jar;C:\\Users\\Abc\\.gradle\\caches\\9.5.0\\transforms\\8761ce9125ca091e18728404ffc9c332\\transformed\\sqlite-framework-runtime.jar;C:\\Users\\Abc\\.gradle\\caches\\9.5.0\\transforms\\2f13fd53e27300771618343e3989f91b\\transformed\\sqlite-runtime.jar;C:\\Users\\Abc\\.gradle\\caches\\9.5.0\\transforms\\64020d2fca0ea992fcee92a1cf335b71\\transformed\\transport-backend-cct-2.3.3-runtime.jar;C:\\Users\\Abc\\.gradle\\caches\\9.5.0\\transforms\\252153cdbdf5763feeba33724b728e06\\transformed\\transport-runtime-2.2.6-runtime.jar;C:\\Users\\Abc\\.gradle\\caches\\9.5.0\\transforms\\17e4e3daa4a9a126d4681e15f1345e35\\transformed\\transport-api-2.2.1-runtime.jar;C:\\Users\\Abc\\.gradle\\caches\\9.5.0\\transforms\\b84f3ee08583f8825fc8ca42204f3d1a\\transformed\\firebase-encoders-json-17.1.0-runtime.jar;C:\\Users\\Abc\\.gradle\\caches\\modules-2\\files-2.1\\com.google.firebase\\firebase-encoders\\16.1.0\\267565db8531da1483692e27eb58f93ec894c78\\firebase-encoders-16.1.0.jar;C:\\Users\\Abc\\.gradle\\caches\\9.5.0\\transforms\\08de87d066b96a4dfe5b99b452ee3a1c\\transformed\\core-runtime-2.2.0-runtime.jar;C:\\Users\\Abc\\.gradle\\caches\\9.5.0\\transforms\\c226376592a27e31be5156a6eba2873c\\transformed\\interpolator-1.0.0-runtime.jar;C:\\Users\\Abc\\.gradle\\caches\\9.5.0\\transforms\\5581001997d960a8cfb0bebea755e8e5\\transformed\\versionedparcelable-1.1.1-runtime.jar;C:\\Users\\Abc\\.gradle\\caches\\9.5.0\\transforms\\474de0b9d17d5795f808a4b651422528\\transformed\\firebase-components-16.1.0-runtime.jar;C:\\Users\\Abc\\.gradle\\caches\\modules-2\\files-2.1\\androidx.arch.core\\core-common\\2.2.0\\5e1b8b81dfd5f52c56a8d53b18ca759c19a301f3\\core-common-2.2.0.jar;C:\\Users\\Abc\\.gradle\\caches\\modules-2\\files-2.1\\androidx.collection\\collection-ktx\\1.5.0\\27c78a926a16a1bf792b2285cf2834e8caae4a07\\collection-ktx-1.5.0.jar;C:\\Users\\Abc\\.gradle\\caches\\modules-2\\files-2.1\\androidx.collection\\collection-jvm\\1.5.0\\7ba2c69414d46ebc2dd76598bdd0a75c54281a57\\collection-jvm-1.5.0.jar;C:\\Users\\Abc\\.gradle\\caches\\9.5.0\\transforms\\bae56e8080f66f319b0fe5dddbefdb77\\transformed\\cursoradapter-1.0.0-runtime.jar;C:\\Users\\Abc\\.gradle\\caches\\modules-2\\files-2.1\\androidx.resourceinspection\\resourceinspection-annotation\\1.0.1\\8c21f8ff5d96d5d52c948707f7e4d6ca6773feef\\resourceinspection-annotation-1.0.1.jar;C:\\Users\\Abc\\.gradle\\caches\\9.5.0\\transforms\\85355a5f48cf324a938fc33475146782\\transformed\\exifinterface-1.4.1-runtime.jar;C:\\Users\\Abc\\.gradle\\caches\\9.5.0\\transforms\\111ff6669ff91318fe9ab164670e2397\\transformed\\documentfile-1.0.0-runtime.jar;C:\\Users\\Abc\\.gradle\\caches\\9.5.0\\transforms\\bc2579b53dffd0c1fe3f88ec4ba2e229\\transformed\\localbroadcastmanager-1.0.0-runtime.jar;C:\\Users\\Abc\\.gradle\\caches\\9.5.0\\transforms\\53970240ceff3ef7a7fce19cf8724e1b\\transformed\\print-1.0.0-runtime.jar;C:\\Users\\Abc\\.gradle\\caches\\modules-2\\files-2.1\\androidx.annotation\\annotation-jvm\\1.10.0\\388cfaa79001d0f024d28f6a13d5a3dfc2f0e18f\\annotation-jvm-1.10.0.jar;C:\\Users\\Abc\\.gradle\\caches\\modules-2\\files-2.1\\org.jetbrains.kotlin\\kotlin-stdlib-jdk7\\1.8.22\\4dabb8248310d833bb6a8b516024a91fd3d275c\\kotlin-stdlib-jdk7-1.8.22.jar;C:\\Users\\Abc\\.gradle\\caches\\modules-2\\files-2.1\\org.jetbrains.kotlinx\\kotlinx-serialization-core-jvm\\1.8.1\\510cb839cce9a3e708052d480a6fbf4a7274dfcd\\kotlinx-serialization-core-jvm-1.8.1.jar;C:\\Users\\Abc\\.gradle\\caches\\modules-2\\files-2.1\\org.jetbrains.kotlinx\\kotlinx-serialization-json-jvm\\1.8.1\\4de3bace4b175753df5484d2acd74c14bfeb5be9\\kotlinx-serialization-json-jvm-1.8.1.jar;C:\\Users\\Abc\\.gradle\\caches\\modules-2\\files-2.1\\com.squareup.okio\\okio-jvm\\3.11.0\\e19f243ee46335ab089613a25f3ea1f65df285b1\\okio-jvm-3.11.0.jar;C:\\Users\\Abc\\.gradle\\caches\\modules-2\\files-2.1\\org.jetbrains.kotlin\\kotlin-stdlib\\2.3.21\\a2ee2c4e220fee522f0451b723bab2a43f3481a7\\kotlin-stdlib-2.3.21.jar;C:\\Users\\Abc\\.gradle\\caches\\modules-2\\files-2.1\\com.google.firebase\\firebase-crashlytics-buildtools\\3.0.8\\ae89b256b9f20a408c35759f32d395ce5ceba623\\firebase-crashlytics-buildtools-3.0.8.jar;C:\\Users\\Abc\\.gradle\\caches\\modules-2\\files-2.1\\com.google.zxing\\core\\3.5.4\\955fcd6bcd0723ddfb8ee6ed502d5fdf0e9676a9\\core-3.5.4.jar;C:\\Users\\Abc\\.gradle\\caches\\modules-2\\files-2.1\\org.hamcrest\\hamcrest-core\\1.3\\42a25dc3219429f0e5d060061f71acb49bf010a0\\hamcrest-core-1.3.jar;C:\\Users\\Abc\\.gradle\\caches\\modules-2\\files-2.1\\org.robolectric\\junit\\4.17\\8f22554166230ec5d98562308ce7728888fd57c\\junit-4.17.jar;C:\\Users\\Abc\\.gradle\\caches\\modules-2\\files-2.1\\org.robolectric\\shadows-framework\\4.17\\689988e7f55462d21c6e0a863604563eae2630c6\\shadows-framework-4.17.jar;C:\\Users\\Abc\\.gradle\\caches\\modules-2\\files-2.1\\org.robolectric\\resources\\4.17\\f0cac0ac2bf1484e7ce7877f8fdd110d77500ac0\\resources-4.17.jar;C:\\Users\\Abc\\.gradle\\caches\\modules-2\\files-2.1\\org.robolectric\\sandbox\\4.17\\b8ff57adf93a294b82ca7bac6b99eb5320cadcb7\\sandbox-4.17.jar;C:\\Users\\Abc\\.gradle\\caches\\modules-2\\files-2.1\\org.robolectric\\utils-reflector\\4.17\\f91dc2674aad0847e655e4d4856f7f5e1960fa6e\\utils-reflector-4.17.jar;C:\\Users\\Abc\\.gradle\\caches\\modules-2\\files-2.1\\org.robolectric\\plugins-maven-dependency-resolver\\4.17\\bf7b223b462453b7d6a66b96a848ecff323053d0\\plugins-maven-dependency-resolver-4.17.jar;C:\\Users\\Abc\\.gradle\\caches\\modules-2\\files-2.1\\org.robolectric\\nativeruntime\\4.17\\52d38706eddfe5babb92d1665276ad6076f6efe0\\nativeruntime-4.17.jar;C:\\Users\\Abc\\.gradle\\caches\\modules-2\\files-2.1\\org.robolectric\\shadowapi\\4.17\\dd829fc12fcf9e471aa31364aafa4181726df42a\\shadowapi-4.17.jar;C:\\Users\\Abc\\.gradle\\caches\\modules-2\\files-2.1\\org.robolectric\\utils\\4.17\\7ed6eb8c6464ebddc15427eb7b2f3bb3883840aa\\utils-4.17.jar;C:\\Users\\Abc\\.gradle\\caches\\modules-2\\files-2.1\\org.robolectric\\pluginapi\\4.17\\5e58d90330f4d18f8c4c534541470d63b176f33a\\pluginapi-4.17.jar;C:\\Users\\Abc\\.gradle\\caches\\modules-2\\files-2.1\\com.google.guava\\guava\\33.6.0-jre\\374ff93f90751e8fc6c7cb5046bab9b14ff69c92\\guava-33.6.0-android.jar;C:\\Users\\Abc\\.gradle\\caches\\modules-2\\files-2.1\\org.robolectric\\annotations\\4.17\\a1bb2dba3abeb1f1602d525d15c9eb7355b7fbb5\\annotations-4.17.jar;C:\\Users\\Abc\\.gradle\\caches\\modules-2\\files-2.1\\androidx.hilt\\hilt-common\\1.3.0\\7e598ad952f14002a6ae86dd69e7b8bcf5d9d6fc\\hilt-common-1.3.0.jar;C:\\Users\\Abc\\.gradle\\caches\\modules-2\\files-2.1\\com.google.dagger\\hilt-core\\2.60.1\\cf425401ef4214c1d1f9ed298dcd2bcbf8a0dd36\\hilt-core-2.60.1.jar;C:\\Users\\Abc\\.gradle\\caches\\modules-2\\files-2.1\\com.google.dagger\\dagger\\2.60.1\\440df415f28bf80fc0d1f98bcf8765c32e769d68\\dagger-2.60.1.jar;C:\\Users\\Abc\\.gradle\\caches\\modules-2\\files-2.1\\org.jspecify\\jspecify\\1.0.0\\7425a601c1c7ec76645a78d22b8c6a627edee507\\jspecify-1.0.0.jar;C:\\Users\\Abc\\.gradle\\caches\\modules-2\\files-2.1\\com.google.auto.value\\auto-value-annotations\\1.11.1\\3493561c5809b92f9e5f54f48ecfe9682ba6cbbe\\auto-value-annotations-1.11.1.jar;C:\\Users\\Abc\\.gradle\\caches\\modules-2\\files-2.1\\com.google.errorprone\\error_prone_annotations\\2.47.0\\e64e70c8e2b5a30ce7f1b6c9e3eb7016881e0411\\error_prone_annotations-2.47.0.jar;C:\\Users\\Abc\\.gradle\\caches\\modules-2\\files-2.1\\org.ow2.asm\\asm-commons\\9.10.1\\4229e4c55fd8e01c23f9fe9884075cc628aacc50\\asm-commons-9.10.1.jar;C:\\Users\\Abc\\.gradle\\caches\\modules-2\\files-2.1\\org.ow2.asm\\asm-tree\\9.10.1\\e244332a17564c1d1572449399a842de35881be2\\asm-tree-9.10.1.jar;C:\\Users\\Abc\\.gradle\\caches\\modules-2\\files-2.1\\org.ow2.asm\\asm\\9.10.1\\ada2141c0cc52ee8f5c48cd5fa4ce0e794f22236\\asm-9.10.1.jar;C:\\Users\\Abc\\.gradle\\caches\\modules-2\\files-2.1\\org.conscrypt\\conscrypt-openjdk-uber\\2.6.2\\65c5977595ee9cc12e6017b9d43b1d2e3d1bab63\\conscrypt-openjdk-uber-2.6.2.jar;C:\\Users\\Abc\\.gradle\\caches\\modules-2\\files-2.1\\org.yaml\\snakeyaml\\2.6\\2bc14918a2f8d5414749ab12d0c590cd3198b8c1\\snakeyaml-2.6.jar;C:\\Users\\Abc\\.gradle\\caches\\9.5.0\\transforms\\f6341eb430a3d254077e5f5142be9492\\transformed\\espresso-idling-resource-3.7.0-runtime.jar;C:\\Users\\Abc\\.gradle\\caches\\modules-2\\files-2.1\\com.google.testparameterinjector\\test-parameter-injector\\1.22\\a9e9eff422bcda62502e0b9bd31b4a3bc839700d\\test-parameter-injector-1.22.jar;C:\\Users\\Abc\\.gradle\\caches\\modules-2\\files-2.1\\javax.inject\\javax.inject\\1\\6975da39a7040257bd51d21a231b76c915872d38\\javax.inject-1.jar;C:\\Users\\Abc\\.gradle\\caches\\modules-2\\files-2.1\\javax.annotation\\javax.annotation-api\\1.3.2\\934c04d3cfef185a8008e7bf34331b79730a9d43\\javax.annotation-api-1.3.2.jar;C:\\Users\\Abc\\.gradle\\caches\\modules-2\\files-2.1\\org.bouncycastle\\bcprov-jdk18on\\1.85\\2320b854dffe134687f7266bb22021b779e576d3\\bcprov-jdk18on-1.85.jar;C:\\Users\\Abc\\.gradle\\caches\\9.5.0\\transforms\\d49b7c9a01a89ce3a705c61f024579ea\\transformed\\monitor-1.8.0-runtime.jar;C:\\Users\\Abc\\.gradle\\caches\\modules-2\\files-2.1\\org.jetbrains\\annotations\\26.1.0\\c1e9226d7ca6661020c58c94397da0cc3673d5e4\\annotations-26.1.0.jar;C:\\Users\\Abc\\.gradle\\caches\\9.5.0\\transforms\\12f0ee1c2f910df7cd68dc12438cb2b7\\transformed\\dagger-lint-aar-2.60.1-runtime.jar;C:\\Users\\Abc\\.gradle\\caches\\modules-2\\files-2.1\\com.google.code.findbugs\\jsr305\\3.0.2\\25ea2e8b0c338a877313bd4672d3fe056ea78f0d\\jsr305-3.0.2.jar;C:\\Users\\Abc\\.gradle\\caches\\modules-2\\files-2.1\\com.google.guava\\listenablefuture\\9999.0-empty-to-avoid-conflict-with-guava\\b421526c5f297295adef1c886e5246c39d4ac629\\listenablefuture-9999.0-empty-to-avoid-conflict-with-guava.jar;C:\\Users\\Abc\\.gradle\\caches\\modules-2\\files-2.1\\org.slf4j\\slf4j-nop\\2.0.9\\fa0627049304bf501bf6a0e4d1416bcaec9a72a9\\slf4j-nop-2.0.9.jar;C:\\Users\\Abc\\.gradle\\caches\\modules-2\\files-2.1\\org.reactivestreams\\reactive-streams\\1.0.3\\d9fb7a7926ffa635b3dcaa5049fb2bfa25b3e7d0\\reactive-streams-1.0.3.jar;C:\\Users\\Abc\\.gradle\\caches\\modules-2\\files-2.1\\com.google.guava\\failureaccess\\1.0.3\\aeaffd00d57023a2c947393ed251f0354f0985fc\\failureaccess-1.0.3.jar;C:\\Users\\Abc\\.gradle\\caches\\modules-2\\files-2.1\\com.google.j2objc\\j2objc-annotations\\3.1\\a892ca9507839bbdb900d64310ac98256cab992f\\j2objc-annotations-3.1.jar;C:\\Users\\Abc\\.gradle\\caches\\modules-2\\files-2.1\\com.almworks.sqlite4java\\sqlite4java\\1.0.392\\d6234e08ff4e1607ff5321da2579571f05ff778d\\sqlite4java-1.0.392.jar;C:\\Users\\Abc\\.gradle\\caches\\modules-2\\files-2.1\\com.ibm.icu\\icu4j\\78.3\\6a851a53bb1f25689fc418dcc8935b0d93580adf\\icu4j-78.3.jar;C:\\Users\\Abc\\.gradle\\caches\\modules-2\\files-2.1\\jakarta.inject\\jakarta.inject-api\\2.0.1\\4c28afe1991a941d7702fe1362c365f0a8641d1e\\jakarta.inject-api-2.0.1.jar;C:\\Users\\Abc\\.gradle\\caches\\modules-2\\files-2.1\\org.slf4j\\slf4j-api\\2.0.9\\7cf2726fdcfbc8610f9a71fb3ed639871f315340\\slf4j-api-2.0.9.jar;C:\\Users\\Abc\\.gradle\\caches\\9.5.0\\transforms\\6c39bd6c151a738b9506e6eaa975ae08\\transformed\\image-1.0.0-beta1-runtime.jar;C:\\Users\\Abc\\.gradle\\caches\\modules-2\\files-2.1\\org.robolectric\\nativeruntime-dist-compat\\1.0.19\\1f6befcda5c961e02c19419b61ea94260e896615\\nativeruntime-dist-compat-1.0.19.jar;C:\\Users\\Abc\\.gradle\\caches\\modules-2\\files-2.1\\com.google.firebase\\firebase-annotations\\16.0.0\\dbeae20d6c97b747b59ef47b6dcf770ba1a60fa6\\firebase-annotations-16.0.0.jar;C:\\Users\\Abc\\.gradle\\caches\\modules-2\\files-2.1\\org.objenesis\\objenesis\\3.4\\675cbe121a68019235d27f6c34b4f0ac30e07418\\objenesis-3.4.jar;C:\\Users\\Abc\\.gradle\\caches\\modules-2\\files-2.1\\net.bytebuddy\\byte-buddy\\1.18.2\\7ac991b4bd502e2567efcdecc0d2e9b3f7dd3859\\byte-buddy-1.18.2.jar;C:\\Users\\Abc\\.gradle\\caches\\modules-2\\files-2.1\\net.bytebuddy\\byte-buddy-agent\\1.18.2\\62f38a6faf7f069d661b79a07d566f504b0b20c4\\byte-buddy-agent-1.18.2.jar;D:\\APP\\Ghichuchitieu\\app\\build\\intermediates\\java_res\\localDebug\\processLocalDebugJavaRes\\out;C:\\Users\\Abc\\.gradle\\caches\\9.5.0\\transforms\\5ee86dccc1cbe6113142efa8cdf8f736\\transformed\\work-runtime-ktx-2.11.2\\jars\\classes.jar;C:\\Users\\Abc\\.gradle\\caches\\9.5.0\\transforms\\8ddad2c31c466d19dee18c7e1b430841\\transformed\\hilt-work-1.3.0\\jars\\classes.jar;C:\\Users\\Abc\\.gradle\\caches\\9.5.0\\transforms\\ac0b2f85066bcc4099de304c8359e6bf\\transformed\\work-runtime-2.11.2\\jars\\classes.jar;C:\\Users\\Abc\\.gradle\\caches\\9.5.0\\transforms\\90089c3ef38dc30e2ece35982c209ea4\\transformed\\room-runtime\\jars\\classes.jar;C:\\Users\\Abc\\.gradle\\caches\\9.5.0\\transforms\\4e8d36e7bf9350734ed9c0aace206e89\\transformed\\room-ktx-2.8.5\\jars\\classes.jar;C:\\Users\\Abc\\.gradle\\caches\\9.5.0\\transforms\\b5b94195fd2eb8ac8d27e69aeb509683\\transformed\\room-testing\\jars\\classes.jar;C:\\Users\\Abc\\.gradle\\caches\\9.5.0\\transforms\\ce274a6ec7b5258f33e556fa5ea79108\\transformed\\generativeai-0.9.0\\jars\\classes.jar;C:\\Users\\Abc\\.gradle\\caches\\9.5.0\\transforms\\0fbca52196da19d60e58ffa84ed0c035\\transformed\\hilt-navigation-compose-1.4.0\\jars\\classes.jar;C:\\Users\\Abc\\.gradle\\caches\\9.5.0\\transforms\\08f0e17084c525ce527c515eb329635d\\transformed\\hilt-lifecycle-viewmodel-compose-1.4.0\\jars\\classes.jar;C:\\Users\\Abc\\.gradle\\caches\\9.5.0\\transforms\\5ec2ae3e8ae22765990fde57ef57dcdf\\transformed\\hilt-lifecycle-viewmodel-1.4.0\\jars\\classes.jar;C:\\Users\\Abc\\.gradle\\caches\\9.5.0\\transforms\\2a9a5c1ffab7bbd988c54de19a2be883\\transformed\\hilt-android-2.60.1\\jars\\classes.jar;C:\\Users\\Abc\\.gradle\\caches\\9.5.0\\transforms\\65e37ac4445157c2773fd33d27fffc74\\transformed\\backdrop\\jars\\classes.jar;C:\\Users\\Abc\\.gradle\\caches\\9.5.0\\transforms\\253d4f9f29ca56f8f0e8bb33f0412df9\\transformed\\coil-compose-release\\jars\\classes.jar;C:\\Users\\Abc\\.gradle\\caches\\9.5.0\\transforms\\0932322e934bb7ff0ce3f15975b94cd6\\transformed\\coil-compose-core-release\\jars\\classes.jar;C:\\Users\\Abc\\.gradle\\caches\\9.5.0\\transforms\\129b448175285dc37f85fa4a66a2fc78\\transformed\\shapes\\jars\\classes.jar;C:\\Users\\Abc\\.gradle\\caches\\9.5.0\\transforms\\b4a1ac534c5afb535abc3fe73f7c86d7\\transformed\\navigation-runtime\\jars\\classes.jar;C:\\Users\\Abc\\.gradle\\caches\\9.5.0\\transforms\\637c851c11d975e08544d7a836215ba3\\transformed\\navigation-common\\jars\\classes.jar;C:\\Users\\Abc\\.gradle\\caches\\9.5.0\\transforms\\a646446e1d79dcb618f1400d88270026\\transformed\\navigation-compose\\jars\\classes.jar;C:\\Users\\Abc\\.gradle\\caches\\9.5.0\\transforms\\a452c1feb0dec381c5f0bfd4563b14d8\\transformed\\animation-core\\jars\\classes.jar;C:\\Users\\Abc\\.gradle\\caches\\9.5.0\\transforms\\d200ffb13e4a593712b7a06b937fa67e\\transformed\\material-ripple\\jars\\classes.jar;C:\\Users\\Abc\\.gradle\\caches\\9.5.0\\transforms\\503277ce836b60c1ad46b5a22dd3e823\\transformed\\animation\\jars\\classes.jar;C:\\Users\\Abc\\.gradle\\caches\\9.5.0\\transforms\\c4ead6172e28510fc7e770511f2de031\\transformed\\foundation-layout\\jars\\classes.jar;C:\\Users\\Abc\\.gradle\\caches\\9.5.0\\transforms\\fa9b80f01bad9c5740b8aab1d1b4463d\\transformed\\foundation\\jars\\classes.jar;C:\\Users\\Abc\\.gradle\\caches\\9.5.0\\transforms\\74100163c62ad41cad055ad081b7050f\\transformed\\ui-tooling-data\\jars\\classes.jar;C:\\Users\\Abc\\.gradle\\caches\\9.5.0\\transforms\\a95502673236f1b0a79be619d0a6caa3\\transformed\\ui-unit\\jars\\classes.jar;C:\\Users\\Abc\\.gradle\\caches\\9.5.0\\transforms\\4d7dd52b21d677581b44acc6321f864f\\transformed\\ui-geometry\\jars\\classes.jar;C:\\Users\\Abc\\.gradle\\caches\\9.5.0\\transforms\\c048fbabd13773ac6ad07d750e5e7f2f\\transformed\\ui-util\\jars\\classes.jar;C:\\Users\\Abc\\.gradle\\caches\\9.5.0\\transforms\\a95ac531af6916f5da7532491814967f\\transformed\\ui-text\\jars\\classes.jar;C:\\Users\\Abc\\.gradle\\caches\\9.5.0\\transforms\\dd209b71bb484f627c6598c1e8e3d02f\\transformed\\ui-tooling-preview\\jars\\classes.jar;C:\\Users\\Abc\\.gradle\\caches\\9.5.0\\transforms\\b276ab4a71e918c5fd979508b29fd664\\transformed\\ui-graphics\\jars\\classes.jar;C:\\Users\\Abc\\.gradle\\caches\\9.5.0\\transforms\\55dfc69e80d41ebba278390add74b8b8\\transformed\\ui-tooling\\jars\\classes.jar;C:\\Users\\Abc\\.gradle\\caches\\9.5.0\\transforms\\f89a2f4bf06ebbdb5018fec46e01b6dd\\transformed\\material3\\jars\\classes.jar;C:\\Users\\Abc\\.gradle\\caches\\9.5.0\\transforms\\34d3de4202072b9b16cc30edb5402dfc\\transformed\\material-icons-extended-release\\jars\\classes.jar;C:\\Users\\Abc\\.gradle\\caches\\9.5.0\\transforms\\773bc9d1612e8f06ec280c1c0b29d76f\\transformed\\material-icons-core-release\\jars\\classes.jar;C:\\Users\\Abc\\.gradle\\caches\\9.5.0\\transforms\\2a45f428c5006c6a3db8491b2c5ffdaa\\transformed\\navigationevent\\jars\\classes.jar;C:\\Users\\Abc\\.gradle\\caches\\9.5.0\\transforms\\b5a66c6b2a3a45f717b13fceb3d394c1\\transformed\\navigationevent-compose\\jars\\classes.jar;C:\\Users\\Abc\\.gradle\\caches\\9.5.0\\transforms\\acf086e3500423f18c50162fd7902edf\\transformed\\accompanist-drawablepainter-0.37.3\\jars\\classes.jar;C:\\Users\\Abc\\.gradle\\caches\\9.5.0\\transforms\\63bad998d3f44fc3235405d525a90185\\transformed\\ui\\jars\\classes.jar;C:\\Users\\Abc\\.gradle\\caches\\9.5.0\\transforms\\2f48f742f40d4c1f2b9f51ed2dfdd427\\transformed\\ui-test-manifest-1.11.3\\jars\\classes.jar;C:\\Users\\Abc\\.gradle\\caches\\9.5.0\\transforms\\cbf14060e0ae2ff2f73e68478cd100e1\\transformed\\genai-prompt-1.0.0-beta4\\jars\\classes.jar;C:\\Users\\Abc\\.gradle\\caches\\9.5.0\\transforms\\ea9ca80b870915ef66677ff87790459a\\transformed\\play-services-mlkit-text-recognition-19.0.1\\jars\\classes.jar;C:\\Users\\Abc\\.gradle\\caches\\9.5.0\\transforms\\2ab014899b915dacd693dd6db2ddd0cb\\transformed\\play-services-mlkit-text-recognition-common-19.1.0\\jars\\classes.jar;C:\\Users\\Abc\\.gradle\\caches\\9.5.0\\transforms\\cd9f37bb9f567aa88952e03e7ed5cdec\\transformed\\vision-common-17.3.0\\jars\\classes.jar;C:\\Users\\Abc\\.gradle\\caches\\9.5.0\\transforms\\e03a6508434cf8f053916f17dfd96f2a\\transformed\\common-18.11.0\\jars\\classes.jar;C:\\Users\\Abc\\.gradle\\caches\\9.5.0\\transforms\\974bd014749194e17cb3d942a443c36a\\transformed\\core-splashscreen-1.2.0\\jars\\classes.jar;C:\\Users\\Abc\\.gradle\\caches\\9.5.0\\transforms\\ef77f58b6221cd42b0593ef4621ec847\\transformed\\coil-release\\jars\\classes.jar;C:\\Users\\Abc\\.gradle\\caches\\9.5.0\\transforms\\ac2931027a385b6f0eacad8363a28061\\transformed\\coil-network-core-release\\jars\\classes.jar;C:\\Users\\Abc\\.gradle\\caches\\9.5.0\\transforms\\79c01536e0bc86eef374002c9c50cae7\\transformed\\coil-core-release\\jars\\classes.jar;C:\\Users\\Abc\\.gradle\\caches\\9.5.0\\transforms\\96ddd4d07697ab973c21fa00ca49a005\\transformed\\appcompat-resources-1.7.0\\jars\\classes.jar;C:\\Users\\Abc\\.gradle\\caches\\9.5.0\\transforms\\ba94c42f95046356acd28d6747dcf402\\transformed\\appcompat-1.7.0\\jars\\classes.jar;C:\\Users\\Abc\\.gradle\\caches\\9.5.0\\transforms\\3f49c2a8a5fe1690e1d9e12381570980\\transformed\\activity-ktx-1.13.0\\jars\\classes.jar;C:\\Users\\Abc\\.gradle\\caches\\9.5.0\\transforms\\2ffe1f52147e306a879c96b3bfd64267\\transformed\\play-services-base-18.5.0\\jars\\classes.jar;C:\\Users\\Abc\\.gradle\\caches\\9.5.0\\transforms\\eb8c9b3a773d5176a1999373664e43a2\\transformed\\vision-interfaces-16.3.0\\jars\\classes.jar;C:\\Users\\Abc\\.gradle\\caches\\9.5.0\\transforms\\029c3c3f6cbdbfd34af8ae36b19c885b\\transformed\\play-services-tasks-18.2.0\\jars\\classes.jar;C:\\Users\\Abc\\.gradle\\caches\\9.5.0\\transforms\\7eae3742f8621c44972031eacd6b5b93\\transformed\\genai-common-1.0.0-beta4\\jars\\classes.jar;C:\\Users\\Abc\\.gradle\\caches\\9.5.0\\transforms\\c9e60776e406e8b5903fecd34ad2c1e3\\transformed\\play-services-basement-18.9.0\\jars\\classes.jar;C:\\Users\\Abc\\.gradle\\caches\\9.5.0\\transforms\\cb64b4cc2bd606f36a7b33e74a92e652\\transformed\\fragment-1.5.4\\jars\\classes.jar;C:\\Users\\Abc\\.gradle\\caches\\9.5.0\\transforms\\13adb12182efd776e4f7608be79ad4a3\\transformed\\activity-1.13.0\\jars\\classes.jar;C:\\Users\\Abc\\.gradle\\caches\\9.5.0\\transforms\\311f454ef38836adc6584b95970e1a58\\transformed\\activity-compose-1.13.0\\jars\\classes.jar;C:\\Users\\Abc\\.gradle\\caches\\9.5.0\\transforms\\7d85cc8899c2a0946fa00730df5607b5\\transformed\\common-0.8.0\\jars\\classes.jar;C:\\Users\\Abc\\.gradle\\caches\\9.5.0\\transforms\\e289f09fca58fb985b9d81250eaf31e6\\transformed\\customview-poolingcontainer-1.0.0\\jars\\classes.jar;C:\\Users\\Abc\\.gradle\\caches\\9.5.0\\transforms\\939abe7f790ad0e237e07cfc2fd29aac\\transformed\\core-ktx-1.19.0\\jars\\classes.jar;C:\\Users\\Abc\\.gradle\\caches\\9.5.0\\transforms\\a3407115780605de66391ddafca641d4\\transformed\\vectordrawable-animated-1.1.0\\jars\\classes.jar;C:\\Users\\Abc\\.gradle\\caches\\9.5.0\\transforms\\541ea7a5e1271ef8d42f79c7586ce053\\transformed\\vectordrawable-1.1.0\\jars\\classes.jar;C:\\Users\\Abc\\.gradle\\caches\\9.5.0\\transforms\\f67d5b645b5e5f03ddce6248fe4aafb0\\transformed\\autofill-1.0.0\\jars\\classes.jar;C:\\Users\\Abc\\.gradle\\caches\\9.5.0\\transforms\\1908d6d2c3377e42b2662debbf1edf60\\transformed\\transition-1.6.0\\jars\\classes.jar;C:\\Users\\Abc\\.gradle\\caches\\9.5.0\\transforms\\5789224601120aae2e22cdd807f5b45e\\transformed\\window-core\\jars\\classes.jar;C:\\Users\\Abc\\.gradle\\caches\\9.5.0\\transforms\\77dd60a0614e04aa8518dd5e51a14e96\\transformed\\window-1.5.0\\jars\\classes.jar;C:\\Users\\Abc\\.gradle\\caches\\9.5.0\\transforms\\a8f7d3b7b3c2d9e099d9534ca11c6dea\\transformed\\graphics-path-1.0.1\\jars\\classes.jar;C:\\Users\\Abc\\.gradle\\caches\\9.5.0\\transforms\\686620fd3ec20f2f22b74f32f84ba2cf\\transformed\\drawerlayout-1.0.0\\jars\\classes.jar;C:\\Users\\Abc\\.gradle\\caches\\9.5.0\\transforms\\c0c667f843a878e7f51b0764e5c46bcc\\transformed\\dynamicanimation-1.0.0\\jars\\classes.jar;C:\\Users\\Abc\\.gradle\\caches\\9.5.0\\transforms\\95b491d9bdb70fe294cca7f7c1521034\\transformed\\legacy-support-core-utils-1.0.0\\jars\\classes.jar;C:\\Users\\Abc\\.gradle\\caches\\9.5.0\\transforms\\113c0a4c5045b83a63367fc77a02fbc7\\transformed\\loader-1.0.0\\jars\\classes.jar;C:\\Users\\Abc\\.gradle\\caches\\9.5.0\\transforms\\7dc9610cc1fdf3c5377b96ba06992b39\\transformed\\viewpager-1.0.0\\jars\\classes.jar;C:\\Users\\Abc\\.gradle\\caches\\9.5.0\\transforms\\7a94dc4af2e09f5a48721e221784557d\\transformed\\customview-1.0.0\\jars\\classes.jar;C:\\Users\\Abc\\.gradle\\caches\\9.5.0\\transforms\\fa7eacc0ff414a079e18965fdf670abb\\transformed\\emoji2-views-helper-1.4.0\\jars\\classes.jar;C:\\Users\\Abc\\.gradle\\caches\\9.5.0\\transforms\\ae9d0ef42bed9b869b124baf2d39d06e\\transformed\\emoji2-1.4.0\\jars\\classes.jar;C:\\Users\\Abc\\.gradle\\caches\\9.5.0\\transforms\\ae9d0ef42bed9b869b124baf2d39d06e\\transformed\\emoji2-1.4.0\\jars\\libs\\repackaged.jar;C:\\Users\\Abc\\.gradle\\caches\\9.5.0\\transforms\\2ddd8c7f80943b8b095f78e6698fa491\\transformed\\core-1.19.0\\jars\\classes.jar;C:\\Users\\Abc\\.gradle\\caches\\9.5.0\\transforms\\c250d73e6131a1535f6fe7180e305832\\transformed\\lifecycle-process-2.11.0\\jars\\classes.jar;C:\\Users\\Abc\\.gradle\\caches\\9.5.0\\transforms\\cc1a221af1c170e1684fcbb9049aea04\\transformed\\lifecycle-livedata-core-ktx-2.11.0\\jars\\classes.jar;C:\\Users\\Abc\\.gradle\\caches\\9.5.0\\transforms\\d961b1b903b5812443eb48a7e8adafb1\\transformed\\lifecycle-livedata-core-2.11.0\\jars\\classes.jar;C:\\Users\\Abc\\.gradle\\caches\\9.5.0\\transforms\\03a4c7a2623fa02e4f91399504d8508a\\transformed\\lifecycle-viewmodel-ktx-2.11.0\\jars\\classes.jar;C:\\Users\\Abc\\.gradle\\caches\\9.5.0\\transforms\\853c9b0db0cb7553c240f09770c487be\\transformed\\lifecycle-viewmodel-2.11.0\\jars\\classes.jar;C:\\Users\\Abc\\.gradle\\caches\\9.5.0\\transforms\\c1cc4723dfe35d6bc30c56d4b1809c71\\transformed\\lifecycle-viewmodel\\jars\\classes.jar;C:\\Users\\Abc\\.gradle\\caches\\9.5.0\\transforms\\c95b6919f4b57ed8becc4c648f8e278a\\transformed\\lifecycle-runtime\\jars\\classes.jar;C:\\Users\\Abc\\.gradle\\caches\\9.5.0\\transforms\\e1f68521211a12ffaf39b2730f5f9fbe\\transformed\\lifecycle-service-2.11.0\\jars\\classes.jar;C:\\Users\\Abc\\.gradle\\caches\\9.5.0\\transforms\\fe68a0023bed011a3cfc5e1a5a444c31\\transformed\\lifecycle-livedata-2.11.0\\jars\\classes.jar;C:\\Users\\Abc\\.gradle\\caches\\9.5.0\\transforms\\d549fdc2fa5b8cd41265b0398c5a95a3\\transformed\\lifecycle-viewmodel-savedstate\\jars\\classes.jar;C:\\Users\\Abc\\.gradle\\caches\\9.5.0\\transforms\\c57bc7a42478b8886009617bc13ac57f\\transformed\\savedstate\\jars\\classes.jar;C:\\Users\\Abc\\.gradle\\caches\\9.5.0\\transforms\\ee85d321308372f3e07192f1c0b0ad42\\transformed\\savedstate-ktx-1.5.0\\jars\\classes.jar;C:\\Users\\Abc\\.gradle\\caches\\9.5.0\\transforms\\d8386f399978aab51e68cf2c91ed91c2\\transformed\\savedstate-compose\\jars\\classes.jar;C:\\Users\\Abc\\.gradle\\caches\\9.5.0\\transforms\\58232ac2d5f29771c49eb02c315acf1e\\transformed\\runtime-annotation\\jars\\classes.jar;C:\\Users\\Abc\\.gradle\\caches\\9.5.0\\transforms\\56d1a879ba0a10ffa43e14f0a1102246\\transformed\\runtime-retain\\jars\\classes.jar;C:\\Users\\Abc\\.gradle\\caches\\9.5.0\\transforms\\e9dbe0985364ad449523a9c728b3e7f7\\transformed\\runtime\\jars\\classes.jar;C:\\Users\\Abc\\.gradle\\caches\\9.5.0\\transforms\\207956f1aa21f3dbbf3ba7a64fb1ceac\\transformed\\runtime-saveable\\jars\\classes.jar;C:\\Users\\Abc\\.gradle\\caches\\9.5.0\\transforms\\e8cc34e1f8d6b3356bedbd6bc566fb65\\transformed\\lifecycle-runtime-compose\\jars\\classes.jar;C:\\Users\\Abc\\.gradle\\caches\\9.5.0\\transforms\\55a953d6f0f02bde486b216b2389da87\\transformed\\lifecycle-viewmodel-compose\\jars\\classes.jar;C:\\Users\\Abc\\.gradle\\caches\\9.5.0\\transforms\\88e5edc08f11994667932ef120f9d448\\transformed\\lifecycle-runtime-ktx\\jars\\classes.jar;C:\\Users\\Abc\\.gradle\\caches\\9.5.0\\transforms\\be57fb9f71cddbb1c77b9487f0d98160\\transformed\\datastore-core\\jars\\classes.jar;C:\\Users\\Abc\\.gradle\\caches\\9.5.0\\transforms\\beaf7ddc53aadd9dc5481e718c3ec6dc\\transformed\\datastore-preferences-core\\jars\\classes.jar;C:\\Users\\Abc\\.gradle\\caches\\9.5.0\\transforms\\861eb912f660258b11106fb4355e546f\\transformed\\datastore\\jars\\classes.jar;C:\\Users\\Abc\\.gradle\\caches\\9.5.0\\transforms\\70b60e9333ba6c05ff2fe45696fdfec2\\transformed\\datastore-preferences\\jars\\classes.jar;C:\\Users\\Abc\\.gradle\\caches\\9.5.0\\transforms\\e6696a317106555d7e55b48c2a9b475d\\transformed\\profileinstaller-1.4.1\\jars\\classes.jar;C:\\Users\\Abc\\.gradle\\caches\\9.5.0\\transforms\\85fed2f801253dd98d2eb47a22d92101\\transformed\\core-viewtree-1.0.0\\jars\\classes.jar;C:\\Users\\Abc\\.gradle\\caches\\9.5.0\\transforms\\7ea5da9a0e3d686aa7922be80c58442d\\transformed\\annotation-experimental-1.5.0\\jars\\classes.jar;C:\\Users\\Abc\\.gradle\\caches\\9.5.0\\transforms\\4c3e39a22a315e65a3ed94187859d269\\transformed\\startup-runtime-1.1.1\\jars\\classes.jar;C:\\Users\\Abc\\.gradle\\caches\\9.5.0\\transforms\\d4d6740ab9adbe4cc909e718e016bde0\\transformed\\tracing-1.2.0\\jars\\classes.jar;C:\\Users\\Abc\\.gradle\\caches\\9.5.0\\transforms\\37b137b29b2208ea99a36adbad17563d\\transformed\\tracing-ktx-1.2.0\\jars\\classes.jar;C:\\Users\\Abc\\.gradle\\caches\\9.5.0\\transforms\\90422b7029638011b6fc491c6d70563f\\transformed\\sqlite-framework\\jars\\classes.jar;C:\\Users\\Abc\\.gradle\\caches\\9.5.0\\transforms\\207870524a00f334602ca1c3631d5409\\transformed\\sqlite\\jars\\classes.jar;C:\\Users\\Abc\\.gradle\\caches\\9.5.0\\transforms\\c9b9e4de44f3d80a4e928974ddb42796\\transformed\\transport-backend-cct-2.3.3\\jars\\classes.jar;C:\\Users\\Abc\\.gradle\\caches\\9.5.0\\transforms\\4a9c30e4836480fffb9ccebb481ec7a7\\transformed\\transport-runtime-2.2.6\\jars\\classes.jar;C:\\Users\\Abc\\.gradle\\caches\\9.5.0\\transforms\\8aa34afc4ac530f342e5ba2ef9225c0c\\transformed\\transport-api-2.2.1\\jars\\classes.jar;C:\\Users\\Abc\\.gradle\\caches\\9.5.0\\transforms\\3cedc0c3adc3769c62a4af876a520daa\\transformed\\firebase-encoders-json-17.1.0\\jars\\classes.jar;C:\\Users\\Abc\\.gradle\\caches\\9.5.0\\transforms\\150e8ce504039a8916c37ccca26dc8df\\transformed\\core-runtime-2.2.0\\jars\\classes.jar;C:\\Users\\Abc\\.gradle\\caches\\9.5.0\\transforms\\960449117a84925ecd2435a35c7211a6\\transformed\\interpolator-1.0.0\\jars\\classes.jar;C:\\Users\\Abc\\.gradle\\caches\\9.5.0\\transforms\\5a66cbaa8838d74f10fbf9e915d973dc\\transformed\\versionedparcelable-1.1.1\\jars\\classes.jar;C:\\Users\\Abc\\.gradle\\caches\\9.5.0\\transforms\\fbe1e51b443896d6a455aea38267809d\\transformed\\firebase-components-16.1.0\\jars\\classes.jar;C:\\Users\\Abc\\.gradle\\caches\\9.5.0\\transforms\\6bc33b77ffccf049c7a9455d90d20ba9\\transformed\\cursoradapter-1.0.0\\jars\\classes.jar;C:\\Users\\Abc\\.gradle\\caches\\9.5.0\\transforms\\94485b492cd55f2782e9c841f85b8d8d\\transformed\\exifinterface-1.4.1\\jars\\classes.jar;C:\\Users\\Abc\\.gradle\\caches\\9.5.0\\transforms\\f76705bf4d7551f4bc11c8d070121a15\\transformed\\documentfile-1.0.0\\jars\\classes.jar;C:\\Users\\Abc\\.gradle\\caches\\9.5.0\\transforms\\4afe7fe87326226721be02684f9925ef\\transformed\\localbroadcastmanager-1.0.0\\jars\\classes.jar;C:\\Users\\Abc\\.gradle\\caches\\9.5.0\\transforms\\d2d0e02a006eeb4b799f75afa49210b9\\transformed\\print-1.0.0\\jars\\classes.jar;C:\\Users\\Abc\\.gradle\\caches\\9.5.0\\transforms\\ba29e9f9cadf0da87d587b069bd66bb2\\transformed\\espresso-idling-resource-3.7.0\\jars\\classes.jar;C:\\Users\\Abc\\.gradle\\caches\\9.5.0\\transforms\\153b79d1383ab47f8f60452de129021f\\transformed\\monitor-1.8.0\\jars\\classes.jar;C:\\Users\\Abc\\.gradle\\caches\\9.5.0\\transforms\\e3870573539cc3c3fb1a8c5ef92403c5\\transformed\\dagger-lint-aar-2.60.1\\jars\\classes.jar;C:\\Users\\Abc\\.gradle\\caches\\9.5.0\\transforms\\59b4b85b0b332003892b57e9a0ff55d0\\transformed\\image-1.0.0-beta1\\jars\\classes.jar;D:\\APP\\Ghichuchitieu\\app\\build\\intermediates\\compile_and_runtime_r_class_jar\\localDebug\\processLocalDebugResources\\R.jar;C:\\Users\\Abc\\.gradle\\caches\\9.5.0\\transforms\\8cc294950ddef77bcdd8a5bc178c76d0\\transformed\\android.jar
Launcher Type: SUN_STANDARD

[Global flags]
     intx CICompilerCount                          = 12                                        {product} {ergonomic}
     uint ConcGCThreads                            = 3                                         {product} {ergonomic}
     uint G1ConcRefinementThreads                  = 13                                        {product} {ergonomic}
   size_t G1HeapRegionSize                         = 1048576                                   {product} {ergonomic}
    uintx GCDrainStackTargetSize                   = 64                                        {product} {ergonomic}
   size_t InitialHeapSize                          = 264241152                                 {product} {ergonomic}
   size_t MarkStackSize                            = 4194304                                   {product} {ergonomic}
   size_t MaxHeapSize                              = 536870912                                 {product} {command line}
   size_t MaxNewSize                               = 321912832                                 {product} {ergonomic}
   size_t MinHeapDeltaBytes                        = 1048576                                   {product} {ergonomic}
   size_t MinHeapSize                              = 8388608                                   {product} {ergonomic}
    uintx NonNMethodCodeHeapSize                   = 7602480                                {pd product} {ergonomic}
    uintx NonProfiledCodeHeapSize                  = 122027880                              {pd product} {ergonomic}
    uintx ProfiledCodeHeapSize                     = 122027880                              {pd product} {ergonomic}
    uintx ReservedCodeCacheSize                    = 251658240                              {pd product} {ergonomic}
     bool SegmentedCodeCache                       = true                                      {product} {ergonomic}
   size_t SoftMaxHeapSize                          = 536870912                              {manageable} {ergonomic}
     bool UseCompressedOops                        = true                           {product lp64_product} {ergonomic}
     bool UseG1GC                                  = true                                      {product} {ergonomic}
     bool UseLargePagesIndividualAllocation        = false                                  {pd product} {ergonomic}

Logging:
Log output configuration:
 #0: stdout all=warning uptime,level,tags foldmultilines=false
 #1: stderr all=off uptime,level,tags foldmultilines=false

Release file:
JAVA_VERSION="21.0.10" 
MODULES="java.base java.compiler java.datatransfer java.xml java.prefs java.desktop java.instrument java.logging java.management java.security.sasl java.naming java.rmi java.management.rmi java.net.http java.scripting java.security.jgss java.transaction.xa java.sql java.sql.rowset java.xml.crypto java.se java.smartcardio jdk.accessibility jdk.internal.jvmstat jdk.attach jdk.charsets jdk.internal.opt jdk.zipfs jdk.compiler jdk.crypto.ec jdk.crypto.cryptoki jdk.dynalink jdk.hotspot.agent jdk.httpserver jdk.internal.ed jdk.internal.le jdk.internal.vm.ci jdk.jartool jdk.javadoc jdk.jcmd jdk.jdeps jdk.jdwp.agent jdk.jdi jdk.jfr jdk.jlink jdk.jsobject jdk.localedata jdk.management jdk.management.agent jdk.management.jfr jdk.naming.dns jdk.naming.rmi jdk.net jdk.sctp jdk.security.auth jdk.security.jgss jdk.unsupported jdk.unsupported.desktop jdk.xml.dom" 
IMPLEMENTOR="JetBrains s.r.o." 
JAVA_RUNTIME_VERSION="21.0.10+-14961533-b1163.108" 
LIBC="default" 
OS_ARCH="x86_64" 
OS_NAME="Windows" 
SOURCE=".:git:1351622c2ff2" 

Environment Variables:
PATH=C:/Users/Abc/.gemini/antigravity-ide/bin;C:\Program Files (x86)\VMware\VMware Workstation\bin\;c:\Users\Abc\AppData\Local\Programs\cursor\resources\app\bin;C:\Program Files\Common Files\Oracle\Java\javapath;C:\Program Files (x86)\Common Files\Oracle\Java\java8path;C:\Program Files (x86)\Common Files\Oracle\Java\javapath;C:\Windows\system32;C:\Windows;C:\Windows\System32\Wbem;C:\Windows\System32\WindowsPowerShell\v1.0\;C:\Windows\System32\OpenSSH\;C:\Program Files\NVIDIA Corporation\NVIDIA App\NvDLISR;C:\Program Files (x86)\Microsoft SQL Server\160\Tools\Binn\;C:\Program Files\Microsoft SQL Server\160\Tools\Binn\;C:\Program Files\Microsoft SQL Server\Client SDK\ODBC\170\Tools\Binn\;C:\Program Files\Microsoft SQL Server\160\DTS\Binn\;C:\Users\Abc\AppData\Local\Microsoft\WindowsApps;C:\Users\Abc\.dotnet\tools;C:\adb;C:\Program Files (x86)\NVIDIA Corporation\PhysX\Common;C:\Program Files\Microsoft SQL Server\150\Tools\Binn\;C:\WINDOWS\system32;C:\;C:\Program Files\dotnet\;C:\Program Files\Git\cmd;C:\wamp64\bin\php\php8.3.14;C:\Users\Abc\AppData\Roaming\npm;;C:\WINDOWS;C:\WINDOWS\System32\Wbem;C:\WINDOWS\System32\WindowsPowerShell\v1.0\;C:\WINDOWS\System32\OpenSSH\;C:\Program Files\Apache\maven\bin;C:\Program Files\nodejs\;C:\WINDOWS\system32;C:\WINDOWS;C:\WINDOWS\System32\Wbem;C:\WINDOWS\System32\WindowsPowerShell\v1.0\;C:\WINDOWS\System32\OpenSSH\;C:\Program Files\Cloudflare\Cloudflare WARP\;C:\Program Files\GitHub CLI\;C:\Program Files\Docker\Docker\resources\bin;C:\Users\Abc\AppData\Local\Programs\Python\Python312\;C:\Users\...\AppData\Local\Programs\Python\Python312\Scripts\;C:\Flutter\flutter\bin;C:\Users\Abc\AppData\Local\Microsoft\WindowsApps;C:\Users\Abc\.dotnet\tools;C:\Users\Abc\.lmstudio\bin;C:\Program Files\JetBrains\IntelliJ IDEA 2024.3.5\bin;C:\Program Files\JetBrains\IntelliJ IDEA Community Edition 2024.3.4\bin;C:\Users\Abc\AppData\Local\JetBrains\Toolbox\scripts;C:\Users\Abc\AppData\Roaming\Composer\vendor\bin;C:\wamp64\bin\php\php8.3.14;C:\Users\Abc\AppData\Local\Programs\Antigravity\bin;C:\Users\Abc\AppData\Roaming\npm;C:\Users\Abc\.dotnet\tools;C:\Users\Abc\.local\bin;C:\Users\Abc\AppData\Local\Programs\Microsoft VS Code\bin;D:\Android\flutter\bin;C:\Users\Abc\AppData\Local\Pub\Cache\bin;C:\Users\Abc\.dotnet\tools;C:\Users\Abc\AppData\Local\Programs\Antigravity IDE\bin;C:\Users\Abc\AppData\Local\Programs\Ollama;C:\Users\Abc\AppData\Local\Google\Cloud SDK\google-cloud-sdk\bin;C:\Users\Abc\.bun\bin;C:\Program Files (x86)\Nmap;C:\Users\Abc\AppData\Local\Microsoft\WinGet\Packages\Genymobile.scrcpy_Microsoft.Winget.Source_8wekyb3d8bbwe\scrcpy-win64-v4.1;
USERNAME=Abc
OS=Windows_NT
PROCESSOR_IDENTIFIER=Intel64 Family 6 Model 154 Stepping 3, GenuineIntel
TMP=C:\Users\Abc\AppData\Local\Temp
TEMP=C:\Users\Abc\AppData\Local\Temp




Periodic native trim disabled

JNI global refs:
JNI global refs: 71, weak refs: 0

JNI global refs memory usage: 1467, weak refs: 833

Process memory usage:
Resident Set Size: 545264K (3% of 16474168K total physical memory with 535152K free physical memory)

OOME stack traces (most recent first):
Classloader memory used:
Loader org.robolectric.internal.AndroidSandbox$SdkSandboxClassLoader                   : 43877K
Loader jdk.internal.loader.ClassLoaders$AppClassLoader                                 : 34083K
Loader bootstrap                                                                       : 30259K
Loader java.net.URLClassLoader                                                         : 2369K
Loader jdk.internal.loader.ClassLoaders$PlatformClassLoader                            : 476K
Loader jdk.internal.reflect.DelegatingClassLoader                                      : 168K
Loader net.bytebuddy.utility.dispatcher.JavaDispatcher$DynamicClassLoader              : 3792B
Loader net.bytebuddy.dynamic.loading.ByteArrayClassLoader                              : 1408B

Classes loaded by more than one classloader:
Class org.slf4j.helpers.BasicMDCAdapter                                               : loaded 3 times (x 95B)
Class org.slf4j.helpers.NOP_FallbackServiceProvider                                   : loaded 3 times (x 84B)
Class org.slf4j.helpers.BasicMarkerFactory                                            : loaded 3 times (x 82B)
Class org.slf4j.IMarkerFactory                                                        : loaded 3 times (x 70B)
Class org.slf4j.LoggerFactory                                                         : loaded 3 times (x 71B)
Class org.slf4j.helpers.SubstituteLoggerFactory                                       : loaded 3 times (x 81B)
Class org.slf4j.helpers.NOPLoggerFactory                                              : loaded 3 times (x 75B)
Class org.slf4j.spi.LoggingEventBuilder                                               : loaded 3 times (x 70B)
Class org.slf4j.helpers.NOPMDCAdapter                                                 : loaded 3 times (x 93B)
Class org.slf4j.event.LoggingEvent                                                    : loaded 3 times (x 70B)
Class org.slf4j.helpers.SubstituteServiceProvider                                     : loaded 3 times (x 85B)
Class org.slf4j.Marker                                                                : loaded 3 times (x 70B)
Class org.slf4j.Logger                                                                : loaded 3 times (x 70B)
Class org.slf4j.spi.SLF4JServiceProvider                                              : loaded 3 times (x 70B)
Class org.slf4j.helpers.ThreadLocalMapOfStacks                                        : loaded 3 times (x 76B)
Class org.slf4j.ILoggerFactory                                                        : loaded 3 times (x 70B)
Class org.slf4j.spi.MDCAdapter                                                        : loaded 3 times (x 70B)
Class org.slf4j.helpers.BasicMDCAdapter$1                                             : loaded 3 times (x 86B)
Class org.slf4j.helpers.Util                                                          : loaded 3 times (x 71B)
Class com.google.common.collect.CompactHashMap                                        : loaded 2 times (x 144B)
Class com.google.common.collect.AbstractMapBasedMultimap$WrappedCollection            : loaded 2 times (x 124B)
Class com.google.common.collect.ImmutableEnumSet                                      : loaded 2 times (x 148B)
Class com.google.common.collect.ImmutableMap$MapViewOfValuesAsSingletonSets           : loaded 2 times (x 133B)
Class com.google.common.collect.RegularImmutableMap                                   : loaded 2 times (x 129B)
Class android.content.SharedPreferences                                               : loaded 2 times (x 70B)
Class com.notepay.data.preferences.CategoryLearningStoreImpl                          : loaded 2 times (x 77B)
Class com.google.common.truth.Subject$Factory                                         : loaded 2 times (x 70B)
Class kotlinx.coroutines.test.internal.ReportingSupervisorJob                         : loaded 2 times (x 201B)
Class com.notepay.domain.analytics.AdvisorProvider                                    : loaded 2 times (x 79B)
Class kotlinx.coroutines.flow.CancellableFlow                                         : loaded 2 times (x 70B)
Class kotlinx.coroutines.flow.internal.AbstractSharedFlow                             : loaded 2 times (x 74B)
Class io.mockk.MockKGateway$Companion                                                 : loaded 2 times (x 71B)
Class io.mockk.core.config.PropertiesLoader                                           : loaded 2 times (x 70B)
Class kotlinx.coroutines.CoroutineScope                                               : loaded 2 times (x 70B)
Class kotlinx.coroutines.ChildHandle                                                  : loaded 2 times (x 70B)
Class com.google.common.collect.UnmodifiableListIterator                              : loaded 2 times (x 95B)
Class android.os.Parcel                                                               : loaded 2 times (x 295B)
Class com.notepay.ui.feature.transaction.edit.EditTransactionViewModelTest            : loaded 2 times (x 72B)
Class kotlinx.coroutines.internal.MainDispatcherFactory                               : loaded 2 times (x 70B)
Class kotlinx.coroutines.test.RunningInRunTest                                        : loaded 2 times (x 83B)
Class kotlinx.coroutines.EventLoopImplPlatform                                        : loaded 2 times (x 107B)
Class kotlinx.coroutines.scheduling.CoroutineScheduler                                : loaded 2 times (x 81B)
Class kotlinx.coroutines.scheduling.SchedulerTimeSource                               : loaded 2 times (x 72B)
Class com.google.common.collect.Lists$TransformingSequentialList                      : loaded 2 times (x 199B)
Class com.google.common.base.Suppliers                                                : loaded 2 times (x 71B)
Class com.google.common.base.Platform$JdkPatternCompiler                              : loaded 2 times (x 75B)
Class com.google.common.truth.StandardSubjectBuilder                                  : loaded 2 times (x 73B)
Class io.mockk.impl.JvmMockKGateway$Companion$anyValueGeneratorFactory$1              : loaded 2 times (x 78B)
Class kotlinx.coroutines.CopyableThreadContextElement                                 : loaded 2 times (x 70B)
Class com.google.common.base.CharMatcher$None                                         : loaded 2 times (x 101B)
Class [Landroid.os.Parcelable;                                                        : loaded 2 times (x 69B)
Class androidx.lifecycle.ViewModel                                                    : loaded 2 times (x 75B)
Class _COROUTINE.ArtificialStackFrames                                                : loaded 2 times (x 71B)
Class kotlinx.coroutines.InactiveNodeList                                             : loaded 2 times (x 76B)
Class kotlinx.coroutines.internal.MainDispatchersKt                                   : loaded 2 times (x 71B)
Class com.google.common.base.StandardSystemProperty                                   : loaded 2 times (x 79B)
Class android.content.res.Resources                                                   : loaded 2 times (x 159B)
Class com.notepay.data.preferences.BudgetSettingsStore                                : loaded 2 times (x 72B)
Class kotlinx.coroutines.internal.InlineList                                          : loaded 2 times (x 72B)
Class com.google.common.truth.ObjectArraySubject                                      : loaded 2 times (x 83B)
Class [Lkotlinx.coroutines.internal.ThreadSafeHeapNode;                               : loaded 2 times (x 69B)
Class com.google.common.collect.ListMultimap                                          : loaded 2 times (x 70B)
Class kotlinx.coroutines.internal.LimitedDispatcher                                   : loaded 2 times (x 106B)
Class kotlinx.coroutines.DebugKt                                                      : loaded 2 times (x 71B)
Class com.google.common.collect.ImmutableList$Itr                                     : loaded 2 times (x 97B)
Class com.google.common.collect.ImmutableEnumMap                                      : loaded 2 times (x 133B)
Class org.robolectric.internal.bytecode.InvokeDynamicSupport                          : loaded 2 times (x 71B)
Class [Lcom.notepay.domain.repository.CategoryLearningType;                           : loaded 2 times (x 69B)
Class kotlinx.coroutines.flow.internal.ChildCancelledException                        : loaded 2 times (x 82B)
Class com.google.common.truth.MultisetSubject                                         : loaded 2 times (x 87B)
Class com.google.common.truth.Truth                                                   : loaded 2 times (x 71B)
Class kotlinx.coroutines.EventLoop_commonKt                                           : loaded 2 times (x 71B)
Class com.google.common.base.Splitter                                                 : loaded 2 times (x 72B)
Class com.google.common.collect.Sets$1                                                : loaded 2 times (x 143B)
Class android.content.res.TypedArray                                                  : loaded 2 times (x 119B)
Class android.content.pm.ApplicationInfo                                              : loaded 2 times (x 175B)
Class android.content.ComponentCallbacks                                              : loaded 2 times (x 70B)
Class kotlinx.coroutines.internal.ThreadSafeHeapNode                                  : loaded 2 times (x 70B)
Class kotlinx.coroutines.channels.ReceiveChannel                                      : loaded 2 times (x 70B)
Class com.google.common.collect.Sets$2                                                : loaded 2 times (x 143B)
Class kotlinx.coroutines.internal.WeakMapCtorCache                                    : loaded 2 times (x 72B)
Class com.notepay.ai.OnDeviceBudgetAdvisorTest$Companion                              : loaded 2 times (x 71B)
Class com.google.common.base.AbstractIterator$State                                   : loaded 2 times (x 79B)
Class kotlinx.coroutines.JobNode                                                      : loaded 2 times (x 86B)
Class kotlinx.coroutines.ParentJob                                                    : loaded 2 times (x 70B)
Class com.google.common.collect.Sets$3                                                : loaded 2 times (x 143B)
Class kotlinx.coroutines.Delay                                                        : loaded 2 times (x 70B)
Class com.google.common.collect.Collections2                                          : loaded 2 times (x 71B)
Class kotlinx.coroutines.IncompleteStateBox                                           : loaded 2 times (x 72B)
Class com.google.common.collect.Sets$4                                                : loaded 2 times (x 143B)
Class android.content.pm.PackageManager                                               : loaded 2 times (x 388B)
Class com.notepay.ui.feature.billsplit.BillSplitViewModel                             : loaded 2 times (x 75B)
Class kotlinx.coroutines.YieldContext$Key                                             : loaded 2 times (x 71B)
Class kotlinx.coroutines.flow.ThrowingCollector                                       : loaded 2 times (x 75B)
Class kotlinx.coroutines.internal.SystemPropsKt                                       : loaded 2 times (x 71B)
Class kotlinx.coroutines.JobImpl                                                      : loaded 2 times (x 200B)
Class android.database.sqlite.SQLiteDatabase                                          : loaded 2 times (x 160B)
Class com.notepay.domain.usecase.AddTransactionUseCase                                : loaded 2 times (x 72B)
Class com.notepay.data.preferences.CategoryLearningStoreImplTest                      : loaded 2 times (x 72B)
Class [Lkotlinx.coroutines.scheduling.CoroutineScheduler$WorkerState;                 : loaded 2 times (x 69B)
Class com.google.common.truth.OptionalSubject                                         : loaded 2 times (x 83B)
Class kotlinx.coroutines.TimeoutKt                                                    : loaded 2 times (x 71B)
Class kotlinx.coroutines.test.TestDispatchEvent                                       : loaded 2 times (x 81B)
Class kotlinx.coroutines.test.TestScope                                               : loaded 2 times (x 70B)
Class io.mockk.impl.restrict.RestrictMockkConfiguration                               : loaded 2 times (x 72B)
Class kotlinx.coroutines.DispatchedTask                                               : loaded 2 times (x 80B)
Class com.google.common.base.Splitter$1                                               : loaded 2 times (x 86B)
Class kotlinx.coroutines.internal.ContextScope                                        : loaded 2 times (x 75B)
Class kotlinx.coroutines.scheduling.DefaultIoScheduler                                : loaded 2 times (x 111B)
Class com.google.common.collect.RegularImmutableMap$KeysOrValuesAsList                : loaded 2 times (x 209B)
Class com.google.common.collect.MapDifference                                         : loaded 2 times (x 70B)
Class kotlinx.coroutines.channels.ChannelIterator                                     : loaded 2 times (x 70B)
Class com.google.common.truth.IntStreamSubject                                        : loaded 2 times (x 83B)
Class kotlinx.coroutines.test.TestCoroutineDispatchersKt                              : loaded 2 times (x 71B)
Class org.slf4j.nop.NOPServiceProvider                                                : loaded 2 times (x 84B)
Class android.content.ContentResolver                                                 : loaded 2 times (x 175B)
Class android.util.AttributeSet                                                       : loaded 2 times (x 70B)
Class com.notepay.ui.feature.billsplit.FakeBillSplitRepository                        : loaded 2 times (x 94B)
Class kotlinx.coroutines.channels.ProducerScope                                       : loaded 2 times (x 70B)
Class kotlinx.coroutines.flow.internal.ChannelFlow$collect$2                          : loaded 2 times (x 95B)
Class com.google.common.collect.ImmutableCollection$Builder                           : loaded 2 times (x 76B)
Class kotlinx.coroutines.DisposeOnCancel                                              : loaded 2 times (x 75B)
Class kotlinx.coroutines.DisposableHandle                                             : loaded 2 times (x 70B)
Class com.google.common.collect.BaseImmutableMultimap                                 : loaded 2 times (x 119B)
Class io.mockk.impl.instantiation.CommonInstanceFactoryRegistry                       : loaded 2 times (x 76B)
Class kotlinx.coroutines.scheduling.CoroutineScheduler$Companion                      : loaded 2 times (x 71B)
Class android.os.Bundle                                                               : loaded 2 times (x 207B)
Class com.notepay.service.NotePayNotificationListenerService                          : loaded 2 times (x 402B)
Class kotlinx.coroutines.flow.FlowKt__ZipKt$nullArrayFactory$1                        : loaded 2 times (x 74B)
Class kotlinx.coroutines.CompletedContinuation                                        : loaded 2 times (x 72B)
Class com.google.common.truth.StreamSubject                                           : loaded 2 times (x 83B)
Class com.google.common.truth.PrimitiveShortArraySubject                              : loaded 2 times (x 83B)
Class kotlinx.coroutines.test.TestCoroutineSchedulerKt                                : loaded 2 times (x 71B)
Class kotlinx.coroutines.android.AndroidExceptionPreHandler                           : loaded 2 times (x 92B)
Class [Lcom.notepay.domain.analytics.ForecastConfidence;                              : loaded 2 times (x 69B)
Class io.mockk.core.config.UnifiedPropertiesLoader                                    : loaded 2 times (x 74B)
Class kotlinx.coroutines.internal.ThreadState                                         : loaded 2 times (x 72B)
Class kotlinx.coroutines.BuildersKt__BuildersKt                                       : loaded 2 times (x 71B)
Class com.google.common.base.Splitter$5                                               : loaded 2 times (x 80B)
Class kotlinx.coroutines.scheduling.NanoTimeSource                                    : loaded 2 times (x 72B)
Class com.google.common.collect.Platform                                              : loaded 2 times (x 71B)
Class android.os.UserHandle                                                           : loaded 2 times (x 89B)
Class com.google.common.collect.UnmodifiableIterator                                  : loaded 2 times (x 80B)
Class com.notepay.domain.repository.CategoryLearningSnapshot                          : loaded 2 times (x 72B)
Class kotlinx.coroutines.StandaloneCoroutine                                          : loaded 2 times (x 186B)
Class io.mockk.impl.JvmMockKGateway$Companion                                         : loaded 2 times (x 71B)
Class dagger.hilt.internal.GeneratedComponentManager                                  : loaded 2 times (x 70B)
Class android.os.Build                                                                : loaded 2 times (x 77B)
Class kotlinx.coroutines.flow.internal.ChannelFlow                                    : loaded 2 times (x 85B)
Class com.google.common.truth.Subject$ComparisonResult                                : loaded 2 times (x 72B)
Class com.google.common.collect.ImmutableList$Builder                                 : loaded 2 times (x 78B)
Class kotlinx.coroutines.channels.BufferOverflow                                      : loaded 2 times (x 79B)
Class kotlinx.coroutines.test.internal.TestMainDispatcher$NonConcurrentlyModifiable   : loaded 2 times (x 72B)
Class kotlinx.coroutines.scheduling.GlobalQueue                                       : loaded 2 times (x 72B)
Class com.google.common.collect.AbstractMultimap                                      : loaded 2 times (x 119B)
Class com.google.common.collect.Lists$Partition                                       : loaded 2 times (x 200B)
Class android.os.Looper                                                               : loaded 2 times (x 88B)
Class android.content.res.Configuration                                               : loaded 2 times (x 120B)
Class com.notepay.data.preferences.AiSettingsDataStoreTest                            : loaded 2 times (x 72B)
Class kotlinx.coroutines.channels.WaiterEB                                            : loaded 2 times (x 72B)
Class com.google.common.truth.PrimitiveDoubleArraySubject                             : loaded 2 times (x 83B)
Class kotlinx.coroutines.internal.UndeliveredElementException                         : loaded 2 times (x 82B)
Class kotlinx.coroutines.internal.LimitedDispatcherKt                                 : loaded 2 times (x 71B)
Class com.notepay.domain.usecase.CategorySuggestion                                   : loaded 2 times (x 72B)
Class kotlinx.coroutines.test.UnconfinedTestDispatcherImpl                            : loaded 2 times (x 114B)
Class kotlinx.coroutines.Waiter                                                       : loaded 2 times (x 70B)
Class kotlinx.coroutines.test.TestBuildersKt__TestBuildersKt$runTest$2$1              : loaded 2 times (x 95B)
Class android.content.pm.PackageItemInfo                                              : loaded 2 times (x 94B)
Class com.notepay.ui.feature.billsplit.FakeTransactionRepository                      : loaded 2 times (x 83B)
Class org.json.JSONObject                                                             : loaded 2 times (x 112B)
Class kotlinx.coroutines.channels.ProduceKt                                           : loaded 2 times (x 71B)
Class kotlinx.coroutines.intrinsics.UndispatchedKt                                    : loaded 2 times (x 71B)
Class com.google.common.collect.Lists$StringAsImmutableList                           : loaded 2 times (x 209B)
Class com.notepay.service.Hilt_NotePayNotificationListenerService                     : loaded 2 times (x 401B)
Class kotlinx.coroutines.flow.FlowKt__ZipKt$combine$1$1                               : loaded 2 times (x 95B)
Class kotlinx.coroutines.flow.internal.AbstractSharedFlowSlot                         : loaded 2 times (x 73B)
Class android.content.Context$BindServiceFlags                                        : loaded 2 times (x 78B)
Class android.content.BroadcastReceiver                                               : loaded 2 times (x 102B)
Class kotlinx.coroutines.DelayWithTimeoutDiagnostics                                  : loaded 2 times (x 70B)
Class com.notepay.ui.VietQrGeneratorTest                                              : loaded 2 times (x 73B)
Class kotlinx.coroutines.JobSupport$Finishing                                         : loaded 2 times (x 76B)
Class kotlinx.coroutines.test.AtomicBoolean                                           : loaded 2 times (x 71B)
Class kotlinx.coroutines.channels.SendChannel                                         : loaded 2 times (x 70B)
Class kotlinx.coroutines.internal.ThreadLocalKt                                       : loaded 2 times (x 71B)
Class com.google.common.base.CharMatcher$And                                          : loaded 2 times (x 101B)
Class kotlinx.coroutines.UndispatchedCoroutine                                        : loaded 2 times (x 192B)
Class kotlinx.coroutines.flow.internal.CombineKt$combineInternal$2$1                  : loaded 2 times (x 95B)
Class kotlinx.coroutines.flow.FlowKt__ReduceKt                                        : loaded 2 times (x 71B)
Class kotlinx.coroutines.channels.ChannelKt                                           : loaded 2 times (x 71B)
Class kotlinx.coroutines.JobSupport                                                   : loaded 2 times (x 175B)
Class com.google.common.collect.ImmutableMap$1                                        : loaded 2 times (x 81B)
Class com.google.common.collect.BiMap                                                 : loaded 2 times (x 70B)
Class com.notepay.ui.feature.billsplit.BillSplitViewModelTest                         : loaded 2 times (x 72B)
Class com.notepay.data.local.SecuritySmokeTest                                        : loaded 2 times (x 71B)
Class com.google.common.truth.TruthFailureSubject                                     : loaded 2 times (x 83B)
Class kotlinx.coroutines.flow.FlowKt                                                  : loaded 2 times (x 71B)
Class kotlinx.coroutines.android.AndroidDispatcherFactory                             : loaded 2 times (x 76B)
Class kotlinx.coroutines.test.internal.TestMainDispatcher$Companion                   : loaded 2 times (x 71B)
Class com.google.common.primitives.Ints                                               : loaded 2 times (x 71B)
Class android.content.ServiceConnection                                               : loaded 2 times (x 70B)
Class kotlinx.coroutines.channels.ReceiveCatching                                     : loaded 2 times (x 75B)
Class kotlinx.coroutines.channels.ProducerCoroutine                                   : loaded 2 times (x 257B)
Class _COROUTINE._BOUNDARY                                                            : loaded 2 times (x 71B)
Class kotlinx.coroutines.test.internal.ExceptionCollectorAsService                    : loaded 2 times (x 87B)
Class com.google.common.collect.ObjectArrays                                          : loaded 2 times (x 71B)
Class kotlinx.coroutines.ExecutorCoroutineDispatcher                                  : loaded 2 times (x 108B)
Class com.google.common.collect.Multiset                                              : loaded 2 times (x 70B)
Class com.google.common.collect.AbstractIndexedListIterator                           : loaded 2 times (x 96B)
Class android.app.Application                                                         : loaded 2 times (x 346B)
Class com.notepay.util.StringUtils                                                    : loaded 2 times (x 71B)
Class kotlinx.coroutines.internal.CtorCache                                           : loaded 2 times (x 72B)
Class kotlinx.coroutines.flow.internal.NullSurrogateKt                                : loaded 2 times (x 71B)
Class kotlinx.coroutines.channels.Channel                                             : loaded 2 times (x 70B)
Class kotlinx.coroutines.Job                                                          : loaded 2 times (x 70B)
Class android.content.ComponentCallbacks2                                             : loaded 2 times (x 70B)
Class com.notepay.domain.repository.WalletRepository                                  : loaded 2 times (x 70B)
Class kotlinx.coroutines.test.TestScopeImpl                                           : loaded 2 times (x 191B)
Class kotlinx.coroutines.YieldContext                                                 : loaded 2 times (x 89B)
Class io.mockk.impl.restrict.MockkValidator                                           : loaded 2 times (x 72B)
Class kotlinx.coroutines.internal.DispatchedContinuationKt                            : loaded 2 times (x 71B)
Class com.notepay.domain.model.CategoryType                                           : loaded 2 times (x 79B)
Class kotlinx.coroutines.flow.Flow                                                    : loaded 2 times (x 70B)
Class com.notepay.data.local.DatabaseTest                                             : loaded 2 times (x 72B)
Class com.notepay.data.local.dao.WalletDao                                            : loaded 2 times (x 70B)
Class com.notepay.data.TransactionRepositoryImplTest                                  : loaded 2 times (x 72B)
Class kotlinx.coroutines.internal.LockFreeLinkedListHead                              : loaded 2 times (x 74B)
Class io.mockk.impl.log.JvmLogging$adaptor$1                                          : loaded 2 times (x 79B)
Class com.notepay.platform.widget.WidgetTest                                          : loaded 2 times (x 71B)
Class kotlinx.coroutines.internal.LockFreeTaskQueueCore                               : loaded 2 times (x 72B)
Class android.content.res.AssetManager                                                : loaded 2 times (x 146B)
Class kotlinx.coroutines.flow.FlowKt__ChannelsKt                                      : loaded 2 times (x 71B)
Class kotlinx.coroutines.CancelHandler                                                : loaded 2 times (x 70B)
Class io.mockk.impl.restrict.MockkValidator$logger$2                                  : loaded 2 times (x 78B)
Class com.google.common.base.NullnessCasts                                            : loaded 2 times (x 71B)
Class com.google.common.collect.ImmutableMap$Builder                                  : loaded 2 times (x 81B)
Class android.content.ComponentName                                                   : loaded 2 times (x 99B)
Class kotlinx.coroutines.flow.internal.FlowCoroutine                                  : loaded 2 times (x 191B)
Class kotlinx.coroutines.flow.FlowKt__EmittersKt                                      : loaded 2 times (x 71B)
Class kotlinx.coroutines.internal.ExceptionSuccessfullyProcessed                      : loaded 2 times (x 82B)
Class com.google.common.collect.Lists$RandomAccessPartition                           : loaded 2 times (x 200B)
Class android.util.AndroidException                                                   : loaded 2 times (x 87B)
Class kotlinx.coroutines.flow.internal.FlowCoroutineKt                                : loaded 2 times (x 71B)
Class com.notepay.domain.model.TransactionType                                        : loaded 2 times (x 79B)
Class android.content.pm.PackageManager$NameNotFoundException                         : loaded 2 times (x 87B)
Class com.google.common.collect.Multimap                                              : loaded 2 times (x 70B)
Class com.google.common.primitives.IntsMethodsForWeb                                  : loaded 2 times (x 71B)
Class com.notepay.domain.model.Wallet$Companion                                       : loaded 2 times (x 71B)
Class kotlinx.coroutines.channels.ChannelCoroutine                                    : loaded 2 times (x 247B)
Class kotlinx.coroutines.EventLoopImplBase$DelayedTaskQueue                           : loaded 2 times (x 72B)
Class com.notepay.ai.OnDeviceBudgetAdvisorTest                                        : loaded 2 times (x 72B)
Class android.database.sqlite.SQLiteDatabase$OpenParams                               : loaded 2 times (x 86B)
Class kotlinx.coroutines.DispatchedTaskKt                                             : loaded 2 times (x 71B)
Class kotlinx.coroutines.internal.SystemPropsKt__SystemProps_commonKt                 : loaded 2 times (x 71B)
Class kotlinx.coroutines.ThreadContextElement                                         : loaded 2 times (x 70B)
Class com.notepay.data.preferences.AiSettingsDataStore                                : loaded 2 times (x 72B)
Class com.notepay.domain.model.Transaction                                            : loaded 2 times (x 72B)
Class com.google.common.truth.PrimitiveByteArraySubject                               : loaded 2 times (x 83B)
Class [Lkotlinx.coroutines.flow.internal.AbstractSharedFlowSlot;                      : loaded 2 times (x 69B)
Class com.notepay.domain.model.BillSplit                                              : loaded 2 times (x 72B)
Class com.google.common.truth.StringSubject                                           : loaded 2 times (x 100B)
Class com.notepay.ai.OnDeviceBudgetAdvisor                                            : loaded 2 times (x 72B)
Class com.google.common.collect.RegularImmutableMap$EntrySet                          : loaded 2 times (x 148B)
Class com.google.common.collect.ImmutableList$ReverseImmutableList                    : loaded 2 times (x 209B)
Class com.google.common.base.JdkPattern                                               : loaded 2 times (x 75B)
Class kotlinx.coroutines.internal.LimitedDispatcher$Worker                            : loaded 2 times (x 75B)
Class com.google.common.truth.PrimitiveBooleanArraySubject                            : loaded 2 times (x 83B)
Class kotlinx.coroutines.DisposeOnCompletion                                          : loaded 2 times (x 86B)
Class kotlinx.coroutines.CoroutineExceptionHandler$Key                                : loaded 2 times (x 71B)
Class kotlinx.coroutines.test.StandardTestDispatcherImpl                              : loaded 2 times (x 114B)
Class [Lkotlinx.coroutines.CoroutineStart;                                            : loaded 2 times (x 69B)
Class kotlinx.coroutines.CoroutineDispatcher$Key                                      : loaded 2 times (x 72B)
Class kotlinx.coroutines.CoroutineScopeKt                                             : loaded 2 times (x 71B)
Class io.mockk.impl.log.Logger                                                        : loaded 2 times (x 70B)
Class android.content.Context                                                         : loaded 2 times (x 304B)
Class kotlinx.coroutines.test.TestBuildersJvmKt                                       : loaded 2 times (x 71B)
Class com.google.common.collect.SingletonImmutableSet                                 : loaded 2 times (x 147B)
Class com.google.common.collect.ImmutableMap$IteratorBasedImmutableMap                : loaded 2 times (x 133B)
Class android.content.res.Resources$Theme                                             : loaded 2 times (x 100B)
Class com.notepay.ui.feature.transaction.add.AddTransactionViewModel                  : loaded 2 times (x 75B)
Class com.google.common.truth.LazyMessage                                             : loaded 2 times (x 72B)
Class com.notepay.domain.money.Money$Companion                                        : loaded 2 times (x 71B)
Class com.google.common.truth.OptionalDoubleSubject                                   : loaded 2 times (x 83B)
Class kotlinx.coroutines.internal.ConcurrentLinkedListNode                            : loaded 2 times (x 73B)
Class kotlinx.coroutines.flow.MutableSharedFlow                                       : loaded 2 times (x 70B)
Class androidx.datastore.preferences.core.Preferences$Key                             : loaded 2 times (x 72B)
Class kotlinx.coroutines.internal.LockFreeTaskQueueCore$Placeholder                   : loaded 2 times (x 71B)
Class kotlinx.coroutines.flow.internal.CombineKt$combineInternal$2$1$1                : loaded 2 times (x 75B)
Class com.google.common.truth.SimpleSubjectBuilder                                    : loaded 2 times (x 72B)
Class kotlinx.coroutines.channels.ChannelResult$Failed                                : loaded 2 times (x 71B)
Class com.google.common.base.CharMatcher$IsEither                                     : loaded 2 times (x 100B)
Class com.google.common.base.Splitter$SplittingIterator                               : loaded 2 times (x 84B)
Class android.graphics.Bitmap                                                         : loaded 2 times (x 143B)
Class kotlinx.coroutines.selects.SelectInstance                                       : loaded 2 times (x 70B)
Class kotlinx.coroutines.flow.internal.SendingCollector                               : loaded 2 times (x 75B)
Class kotlinx.coroutines.test.TestCoroutineScheduler$timeSource$1                     : loaded 2 times (x 81B)
Class [Lcom.google.common.base.AbstractIterator$State;                                : loaded 2 times (x 69B)
Class kotlinx.coroutines.UndispatchedMarker                                           : loaded 2 times (x 83B)
Class com.google.common.base.CharMatcher$ForPredicate                                 : loaded 2 times (x 101B)
Class kotlinx.coroutines.DefaultExecutor                                              : loaded 2 times (x 120B)
Class kotlinx.coroutines.Job$Key                                                      : loaded 2 times (x 71B)
Class [Lcom.notepay.domain.model.Wallet;                                              : loaded 2 times (x 69B)
Class kotlinx.coroutines.flow.FlowKt__ContextKt                                       : loaded 2 times (x 71B)
Class io.mockk.impl.InternalPlatform                                                  : loaded 2 times (x 71B)
Class com.notepay.data.repository.CategoryRepositoryImpl                              : loaded 2 times (x 79B)
Class com.google.common.base.CharMatcher$AnyOf                                        : loaded 2 times (x 101B)
Class com.google.common.collect.Lists$TransformingRandomAccessList                    : loaded 2 times (x 199B)
Class com.google.common.collect.ImmutableCollection                                   : loaded 2 times (x 125B)
Class com.notepay.service.NotificationReconciliationTest                              : loaded 2 times (x 72B)
Class org.robolectric.interceptors.AndroidInterceptors$LinkedHashMapEldestInterceptor : loaded 2 times (x 75B)
Class com.notepay.data.TransactionRepositoryImplTest$FakeTransactionDao               : loaded 2 times (x 85B)
Class com.google.common.truth.BooleanSubject                                          : loaded 2 times (x 83B)
Class kotlinx.coroutines.channels.ChannelSegment                                      : loaded 2 times (x 76B)
Class kotlinx.coroutines.EventLoop                                                    : loaded 2 times (x 105B)
Class com.google.common.base.Converter                                                : loaded 2 times (x 83B)
Class com.google.common.collect.Lists                                                 : loaded 2 times (x 71B)
Class android.os.BaseBundle                                                           : loaded 2 times (x 167B)
Class kotlinx.coroutines.flow.FlowKt__ChannelsKt$emitAllImpl$1                        : loaded 2 times (x 88B)
Class com.google.common.truth.FailureStrategy                                         : loaded 2 times (x 70B)
Class kotlinx.coroutines.internal.Removed                                             : loaded 2 times (x 72B)
Class kotlinx.coroutines.Deferred                                                     : loaded 2 times (x 70B)
Class com.google.common.collect.AbstractMapBasedMultimap                              : loaded 2 times (x 133B)
Class org.robolectric.DefaultTestLifecycle                                            : loaded 2 times (x 79B)
Class kotlinx.coroutines.flow.internal.ChannelFlowOperator                            : loaded 2 times (x 86B)
Class kotlinx.coroutines.BuildersKt                                                   : loaded 2 times (x 71B)
Class com.notepay.domain.usecase.SuggestCategoryUseCase                               : loaded 2 times (x 72B)
Class android.service.notification.StatusBarNotification                              : loaded 2 times (x 117B)
Class kotlinx.coroutines.internal.ExceptionsConstructorKt$createConstructor$nullResult$1: loaded 2 times (x 74B)
Class kotlinx.coroutines.CopyableThrowable                                            : loaded 2 times (x 70B)
Class kotlinx.coroutines.internal.ThreadContextKt                                     : loaded 2 times (x 71B)
Class kotlinx.coroutines.internal.ScopeCoroutine                                      : loaded 2 times (x 191B)
Class kotlinx.coroutines.scheduling.TasksKt                                           : loaded 2 times (x 71B)
Class kotlinx.coroutines.internal.SystemPropsKt__SystemPropsKt                        : loaded 2 times (x 71B)
Class kotlinx.coroutines.ChildJob                                                     : loaded 2 times (x 70B)
Class android.content.IntentSender                                                    : loaded 2 times (x 94B)
Class com.notepay.ai.GeminiNanoBudgetAdvisor                                          : loaded 2 times (x 72B)
Class com.google.common.truth.ThrowableSubject                                        : loaded 2 times (x 83B)
Class kotlinx.coroutines.flow.internal.AbortFlowException                             : loaded 2 times (x 82B)
Class kotlinx.coroutines.test.TestScopeKt$TestScope$$inlined$CoroutineExceptionHandler$1: loaded 2 times (x 92B)
Class kotlinx.coroutines.JobKt                                                        : loaded 2 times (x 71B)
Class [Lcom.notepay.domain.model.CategoryType;                                        : loaded 2 times (x 69B)
Class kotlinx.coroutines.scheduling.SchedulerCoroutineDispatcher                      : loaded 2 times (x 109B)
Class kotlinx.coroutines.ChildHandleNode                                              : loaded 2 times (x 90B)
Class android.service.notification.NotificationListenerService                        : loaded 2 times (x 392B)
Class com.google.common.truth.ThrowableSubject$1                                      : loaded 2 times (x 82B)
Class com.google.common.truth.MultimapSubject                                         : loaded 2 times (x 85B)
Class com.google.common.truth.ErrorWithFacts                                          : loaded 2 times (x 70B)
Class kotlinx.coroutines.internal.Concurrent_commonKt                                 : loaded 2 times (x 71B)
Class kotlinx.coroutines.ChildContinuation                                            : loaded 2 times (x 86B)
Class kotlinx.coroutines.flow.internal.FusibleFlow                                    : loaded 2 times (x 70B)
Class com.google.common.base.CharMatcher$IsNot                                        : loaded 2 times (x 100B)
Class com.google.common.base.CommonPattern                                            : loaded 2 times (x 74B)
Class kotlinx.coroutines.scheduling.CoroutineScheduler$WorkerState                    : loaded 2 times (x 79B)
Class android.view.Display                                                            : loaded 2 times (x 142B)
Class kotlinx.coroutines.BlockingEventLoop                                            : loaded 2 times (x 117B)
Class kotlinx.coroutines.ThreadLocalEventLoop                                         : loaded 2 times (x 71B)
Class android.database.sqlite.SQLiteClosable                                          : loaded 2 times (x 89B)
Class android.content.ContextParams                                                   : loaded 2 times (x 81B)
Class com.google.common.truth.LongSubject                                             : loaded 2 times (x 86B)
Class com.google.common.truth.Subject                                                 : loaded 2 times (x 83B)
Class kotlinx.coroutines.flow.StateFlowImpl$collect$1                                 : loaded 2 times (x 88B)
Class kotlinx.coroutines.MainCoroutineDispatcher                                      : loaded 2 times (x 101B)
Class kotlinx.coroutines.test.TestCoroutineScheduler                                  : loaded 2 times (x 90B)
Class kotlinx.coroutines.CompletionStateKt                                            : loaded 2 times (x 71B)
Class com.google.common.base.Function                                                 : loaded 2 times (x 70B)
Class com.notepay.ui.feature.transaction.edit.EditTransactionViewModel                : loaded 2 times (x 76B)
Class kotlinx.coroutines.flow.internal.ChannelFlow$collectToFun$1                     : loaded 2 times (x 95B)
Class com.google.common.truth.OptionalIntSubject                                      : loaded 2 times (x 83B)
Class [Lkotlinx.coroutines.flow.StateFlowSlot;                                        : loaded 2 times (x 69B)
Class kotlinx.coroutines.CancellableContinuationImpl                                  : loaded 2 times (x 129B)
Class kotlinx.coroutines.channels.BufferedChannelKt                                   : loaded 2 times (x 71B)
Class com.google.common.collect.RegularImmutableList                                  : loaded 2 times (x 209B)
Class kotlinx.coroutines.CoroutineDispatcher                                          : loaded 2 times (x 100B)
Class com.notepay.ai.CloudGeminiAdvisor                                               : loaded 2 times (x 72B)
Class kotlinx.coroutines.ResumeAwaitOnCompletion                                      : loaded 2 times (x 86B)
Class com.google.common.truth.FailureMetadata$OldAndNewValuesAreSimilar               : loaded 2 times (x 79B)
Class kotlinx.coroutines.ResumeOnCompletion                                           : loaded 2 times (x 86B)
Class kotlinx.coroutines.test.TestBuildersJvmKt$createTestResult$1                    : loaded 2 times (x 95B)
Class io.mockk.impl.JvmMockKGateway$1                                                 : loaded 2 times (x 74B)
Class android.content.SharedPreferences$OnSharedPreferenceChangeListener              : loaded 2 times (x 70B)
Class com.google.common.truth.AssertionErrorWithFacts                                 : loaded 2 times (x 85B)
Class [Lcom.google.common.base.StandardSystemProperty;                                : loaded 2 times (x 69B)
Class io.mockk.impl.log.JvmLogging                                                    : loaded 2 times (x 71B)
Class kotlinx.coroutines.NonDisposableHandle                                          : loaded 2 times (x 78B)
Class kotlinx.coroutines.SupervisorJobImpl                                            : loaded 2 times (x 200B)
Class android.app.Service                                                             : loaded 2 times (x 346B)
Class kotlinx.coroutines.scheduling.WorkQueue                                         : loaded 2 times (x 72B)
Class kotlinx.coroutines.test.TestDispatchers                                         : loaded 2 times (x 71B)
Class [Lkotlinx.coroutines.channels.BufferOverflow;                                   : loaded 2 times (x 69B)
Class com.google.common.collect.RegularImmutableMap$EntrySet$1                        : loaded 2 times (x 211B)
Class com.google.common.collect.Maps                                                  : loaded 2 times (x 71B)
Class kotlinx.coroutines.scheduling.TaskImpl                                          : loaded 2 times (x 76B)
Class kotlinx.coroutines.CoroutineExceptionHandler                                    : loaded 2 times (x 70B)
Class kotlinx.coroutines.flow.StateFlowImpl                                           : loaded 2 times (x 104B)
Class kotlinx.coroutines.flow.FlowKt__BuildersKt                                      : loaded 2 times (x 71B)
Class kotlinx.coroutines.channels.ConflatedBufferedChannel                            : loaded 2 times (x 143B)
Class kotlinx.coroutines.internal.FastServiceLoaderKt                                 : loaded 2 times (x 71B)
Class kotlinx.coroutines.CoroutineContextKt                                           : loaded 2 times (x 71B)
Class android.content.Intent                                                          : loaded 2 times (x 239B)
Class com.notepay.domain.repository.CategoryLearningType                              : loaded 2 times (x 79B)
Class kotlinx.coroutines.internal.DispatchedContinuation                              : loaded 2 times (x 89B)
Class kotlinx.coroutines.internal.Symbol                                              : loaded 2 times (x 72B)
Class com.google.common.base.Platform                                                 : loaded 2 times (x 71B)
Class com.notepay.ai.CloudGeminiAdvisorTest                                           : loaded 2 times (x 72B)
Class com.google.common.truth.PrimitiveFloatArraySubject                              : loaded 2 times (x 83B)
Class io.mockk.impl.log.JvmLogging$slf4jOrJulLogging$1                                : loaded 2 times (x 78B)
Class com.google.common.collect.AbstractMapBasedMultimap$WrappedList                  : loaded 2 times (x 205B)
Class com.google.common.collect.Maps$8                                                : loaded 2 times (x 82B)
Class android.os.Parcelable                                                           : loaded 2 times (x 70B)
Class kotlinx.coroutines.test.internal.TestMainDispatcherJvmKt                        : loaded 2 times (x 71B)
Class com.notepay.data.repository.TransactionRepositoryImpl                           : loaded 2 times (x 83B)
Class kotlinx.coroutines.flow.FlowKt__ReduceKt$first$1                                : loaded 2 times (x 88B)
Class kotlinx.coroutines.test.TestScopeImpl$registerExceptionCollectorLocked$2        : loaded 2 times (x 129B)
Class kotlinx.coroutines.internal.FastServiceLoader                                   : loaded 2 times (x 71B)
Class io.mockk.impl.JvmMockKGateway                                                   : loaded 2 times (x 88B)
Class io.mockk.MockKException                                                         : loaded 2 times (x 82B)
Class kotlinx.coroutines.EventLoopKt                                                  : loaded 2 times (x 71B)
Class dagger.hilt.internal.GeneratedComponentManagerHolder                            : loaded 2 times (x 70B)
Class com.google.common.collect.Sets$SetView                                          : loaded 2 times (x 140B)
Class android.net.Uri$Builder                                                         : loaded 2 times (x 98B)
Class com.notepay.ui.feature.billsplit.FakeWalletRepository                           : loaded 2 times (x 80B)
Class [Lcom.google.common.truth.FailureMetadata$OldAndNewValuesAreSimilar;            : loaded 2 times (x 69B)
Class [Lcom.notepay.domain.model.TransactionType;                                     : loaded 2 times (x 69B)
Class com.google.common.truth.ComparableSubject                                       : loaded 2 times (x 84B)
Class org.slf4j.helpers.NamedLoggerBase                                               : loaded 2 times (x 213B)
Class android.content.IntentSender$SendIntentException                                : loaded 2 times (x 87B)
Class android.content.IntentFilter                                                    : loaded 2 times (x 197B)
Class kotlinx.coroutines.channels.BufferedChannel$receiveCatching$1                   : loaded 2 times (x 88B)
Class com.notepay.domain.money.Money                                                  : loaded 2 times (x 74B)
Class com.notepay.domain.repository.TransactionRepository                             : loaded 2 times (x 70B)
Class kotlinx.coroutines.flow.SubscribedFlowCollector                                 : loaded 2 times (x 75B)
Class com.notepay.data.CategoryRepositoryTest                                         : loaded 2 times (x 72B)
Class kotlinx.coroutines.Job$DefaultImpls                                             : loaded 2 times (x 71B)
Class android.database.sqlite.SQLiteDatabase$CursorFactory                            : loaded 2 times (x 70B)
Class com.google.common.truth.OptionalLongSubject                                     : loaded 2 times (x 83B)
Class org.robolectric.interceptors.AndroidInterceptors$SystemTimeInterceptor          : loaded 2 times (x 75B)
Class io.mockk.impl.log.Logger$Companion$loggerFactory$1                              : loaded 2 times (x 78B)
Class com.google.common.base.AbstractIterator                                         : loaded 2 times (x 80B)
Class android.graphics.drawable.Drawable                                              : loaded 2 times (x 147B)
Class com.notepay.data.local.NotePayDatabase                                          : loaded 2 times (x 106B)
Class kotlinx.coroutines.flow.FlowKt__ZipKt                                           : loaded 2 times (x 71B)
Class kotlinx.coroutines.EventLoopImplBase$DelayedRunnableTask                        : loaded 2 times (x 94B)
Class kotlinx.coroutines.internal.ListClosed                                          : loaded 2 times (x 74B)
Class kotlinx.coroutines.TimeoutCancellationException                                 : loaded 2 times (x 85B)
Class kotlinx.coroutines.test.BackgroundWork                                          : loaded 2 times (x 83B)
Class kotlinx.coroutines.test.internal.TestMainDispatcher                             : loaded 2 times (x 106B)
Class io.mockk.impl.log.Logger$Companion                                              : loaded 2 times (x 71B)
Class com.google.common.base.CharMatcher$BitSetMatcher                                : loaded 2 times (x 101B)
Class kotlinx.coroutines.CompletableJob                                               : loaded 2 times (x 70B)
Class com.google.common.collect.ImmutableSet                                          : loaded 2 times (x 147B)
Class kotlinx.coroutines.flow.FlowKt__ZipKt$combine$$inlined$unsafeFlow$1             : loaded 2 times (x 75B)
Class kotlinx.coroutines.internal.StackTraceRecoveryKt                                : loaded 2 times (x 71B)
Class kotlinx.coroutines.DebugStringsKt                                               : loaded 2 times (x 71B)
Class com.notepay.domain.analytics.SpendingPrediction                                 : loaded 2 times (x 72B)
Class com.google.common.collect.RegularImmutableMap$KeySet                            : loaded 2 times (x 147B)
Class android.content.ContextWrapper                                                  : loaded 2 times (x 306B)
Class org.robolectric.android.internal.AndroidTestEnvironment                         : loaded 2 times (x 83B)
Class kotlinx.coroutines.scheduling.CoroutineScheduler$Worker                         : loaded 2 times (x 106B)
Class com.google.common.truth.FailureMetadata$Step                                    : loaded 2 times (x 72B)
Class kotlinx.coroutines.flow.ReadonlyStateFlow                                       : loaded 2 times (x 87B)
Class kotlinx.coroutines.CoroutineStart$WhenMappings                                  : loaded 2 times (x 71B)
Class com.google.common.base.CharMatcher$Or                                           : loaded 2 times (x 101B)
Class com.google.common.truth.PrimitiveCharArraySubject                               : loaded 2 times (x 83B)
Class com.google.common.base.Supplier                                                 : loaded 2 times (x 70B)
Class com.notepay.domain.repository.CategoryLearningEntry                             : loaded 2 times (x 72B)
Class kotlinx.coroutines.internal.CoroutineExceptionHandlerImplKt                     : loaded 2 times (x 71B)
Class kotlinx.coroutines.test.TestScopeKt                                             : loaded 2 times (x 71B)
Class kotlinx.coroutines.test.TestBuildersKt__TestBuildersKt$DEFAULT_TIMEOUT$1$1      : loaded 2 times (x 129B)
Class io.mockk.impl.JvmMockKGateway$safeToString$1                                    : loaded 2 times (x 79B)
Class kotlinx.coroutines.flow.FlowCollector                                           : loaded 2 times (x 70B)
Class com.notepay.service.NotePayNotificationListenerServiceTest                      : loaded 2 times (x 72B)
Class com.google.common.truth.IntegerSubject                                          : loaded 2 times (x 86B)
Class _COROUTINE.CoroutineDebuggingKt                                                 : loaded 2 times (x 71B)
Class kotlinx.coroutines.NodeList                                                     : loaded 2 times (x 78B)
Class kotlinx.coroutines.internal.MainDispatcherLoader                                : loaded 2 times (x 71B)
Class com.google.common.collect.HashBiMap                                             : loaded 2 times (x 140B)
Class io.mockk.impl.log.SafeToString                                                  : loaded 2 times (x 72B)
Class io.mockk.impl.JvmMockKGateway$Companion$1                                       : loaded 2 times (x 78B)
Class kotlinx.coroutines.internal.ResizableAtomicArray                                : loaded 2 times (x 72B)
Class kotlinx.coroutines.CompletedExceptionally                                       : loaded 2 times (x 72B)
Class io.mockk.MockK                                                                  : loaded 2 times (x 71B)
Class kotlinx.coroutines.JobKt__JobKt                                                 : loaded 2 times (x 71B)
Class com.google.common.base.CharMatcher$FastMatcher                                  : loaded 2 times (x 100B)
Class com.google.common.collect.Sets                                                  : loaded 2 times (x 71B)
Class com.google.common.base.Strings                                                  : loaded 2 times (x 71B)
Class [Lcom.notepay.domain.model.BillSplit;                                           : loaded 2 times (x 69B)
Class com.notepay.data.local.dao.BillSplitDao                                         : loaded 2 times (x 70B)
Class kotlinx.coroutines.flow.internal.CombineKt$combineInternal$2$1$1$emit$1         : loaded 2 times (x 88B)
Class kotlinx.coroutines.flow.internal.CombineKt$combineInternal$2                    : loaded 2 times (x 95B)
Class kotlinx.coroutines.flow.FlowKt__ShareKt                                         : loaded 2 times (x 71B)
Class com.google.common.collect.CompactHashMap$Itr                                    : loaded 2 times (x 84B)
Class com.google.common.base.Predicate                                                : loaded 2 times (x 70B)
Class com.google.common.collect.ImmutableMap                                          : loaded 2 times (x 128B)
Class com.notepay.domain.repository.CategoryLearningMatch                             : loaded 2 times (x 72B)
Class kotlinx.coroutines.channels.ChannelResult$Companion                             : loaded 2 times (x 71B)
Class kotlinx.coroutines.channels.ChannelResult                                       : loaded 2 times (x 72B)
Class io.mockk.impl.restrict.RestrictMockkConfiguration$Companion                     : loaded 2 times (x 71B)
Class kotlinx.coroutines.CoroutineStart                                               : loaded 2 times (x 79B)
Class kotlinx.coroutines.BuildersKt__Builders_concurrentKt                            : loaded 2 times (x 71B)
Class com.google.common.base.CharMatcher$NegatedFastMatcher                           : loaded 2 times (x 102B)
Class kotlinx.coroutines.scheduling.UnlimitedIoScheduler                              : loaded 2 times (x 100B)
Class android.content.res.ColorStateList                                              : loaded 2 times (x 102B)
Class android.os.Parcelable$Creator                                                   : loaded 2 times (x 70B)
Class org.robolectric.internal.bytecode.RobolectricInternals                          : loaded 2 times (x 71B)
Class kotlinx.coroutines.JobCancellationException                                     : loaded 2 times (x 85B)
Class kotlinx.coroutines.test.internal.TestMainDispatcherFactory                      : loaded 2 times (x 76B)
Class com.notepay.domain.analytics.BudgetAdvisorResult                                : loaded 2 times (x 72B)
Class kotlinx.coroutines.EventLoopImplBase                                            : loaded 2 times (x 117B)
Class kotlinx.coroutines.CoroutineId                                                  : loaded 2 times (x 93B)
Class com.notepay.data.remote.VietQrBankRepositoryTest                                : loaded 2 times (x 71B)
Class [Lkotlinx.coroutines.flow.Flow;                                                 : loaded 2 times (x 69B)
Class kotlinx.coroutines.internal.ConcurrentLinkedListKt                              : loaded 2 times (x 71B)
Class com.google.common.truth.IterableSubject                                         : loaded 2 times (x 87B)
Class [Lcom.notepay.domain.model.Category;                                            : loaded 2 times (x 69B)
Class com.notepay.domain.model.Category                                               : loaded 2 times (x 72B)
Class com.google.common.collect.CollectPreconditions                                  : loaded 2 times (x 71B)
Class com.google.common.base.Suppliers$MemoizingSupplier                              : loaded 2 times (x 76B)
Class com.notepay.MainDispatcherRule                                                  : loaded 2 times (x 82B)
Class kotlinx.coroutines.DispatchException                                            : loaded 2 times (x 82B)
Class kotlinx.coroutines.GlobalScope                                                  : loaded 2 times (x 74B)
Class kotlinx.coroutines.DefaultExecutorKt                                            : loaded 2 times (x 71B)
Class kotlinx.coroutines.Unconfined                                                   : loaded 2 times (x 100B)
Class com.google.common.collect.SortedMapDifference                                   : loaded 2 times (x 70B)
Class kotlinx.coroutines.EventLoopImplBase$DelayedTask                                : loaded 2 times (x 94B)
Class kotlinx.coroutines.internal.Segment                                             : loaded 2 times (x 75B)
Class kotlinx.coroutines.AbstractCoroutine                                            : loaded 2 times (x 186B)
Class kotlinx.coroutines.CancellableContinuation                                      : loaded 2 times (x 70B)
Class kotlinx.coroutines.test.TestBuildersKt__TestBuildersKt$runTest$2$1$1            : loaded 2 times (x 95B)
Class com.notepay.domain.model.Transaction$Companion                                  : loaded 2 times (x 71B)
Class com.google.common.base.VerifyException                                          : loaded 2 times (x 82B)
Class com.google.common.truth.TableSubject                                            : loaded 2 times (x 83B)
Class kotlinx.coroutines.flow.internal.FlowExceptions_commonKt                        : loaded 2 times (x 71B)
Class kotlinx.coroutines.CancellableContinuationKt                                    : loaded 2 times (x 71B)
Class kotlinx.coroutines.test.TestBuildersKt__TestBuildersKt$runTest$2$1$2            : loaded 2 times (x 95B)
Class com.notepay.domain.analytics.BudgetAdvisorInput                                 : loaded 2 times (x 73B)
Class com.notepay.domain.model.Category$Companion                                     : loaded 2 times (x 71B)
Class com.notepay.domain.TestData                                                     : loaded 2 times (x 71B)
Class org.slf4j.helpers.NOPLogger                                                     : loaded 2 times (x 213B)
Class kotlinx.coroutines.internal.LockFreeLinkedListNode                              : loaded 2 times (x 74B)
Class kotlinx.coroutines.test.TestDispatcher                                          : loaded 2 times (x 114B)
Class com.notepay.domain.repository.SubscriptionRepository                            : loaded 2 times (x 70B)
Class kotlinx.coroutines.Active                                                       : loaded 2 times (x 71B)
Class com.google.common.base.Suppliers$NonSerializableMemoizingSupplier               : loaded 2 times (x 76B)
Class com.google.common.truth.FailureMetadata                                         : loaded 2 times (x 72B)
Class kotlinx.coroutines.internal.LockFreeTaskQueueCore$Companion                     : loaded 2 times (x 71B)
Class com.google.common.collect.AbstractMapBasedMultimap$RandomAccessWrappedList      : loaded 2 times (x 205B)
Class com.google.common.base.CharMatcher$Negated                                      : loaded 2 times (x 102B)
Class com.google.common.base.CharMatcher$Is                                           : loaded 2 times (x 100B)
Class kotlinx.coroutines.flow.StateFlowSlot                                           : loaded 2 times (x 74B)
Class com.notepay.ai.OnDeviceBudgetAdvisor$Companion                                  : loaded 2 times (x 71B)
Class kotlinx.coroutines.SupervisorKt                                                 : loaded 2 times (x 71B)
Class com.google.common.collect.Hashing                                               : loaded 2 times (x 71B)
Class com.google.common.base.PatternCompiler                                          : loaded 2 times (x 70B)
Class com.google.common.base.Preconditions                                            : loaded 2 times (x 71B)
Class com.notepay.domain.repository.CategoryLearningStore                             : loaded 2 times (x 70B)
Class com.google.common.truth.MapSubject                                              : loaded 2 times (x 83B)
Class com.google.common.truth.LongStreamSubject                                       : loaded 2 times (x 83B)
Class kotlinx.coroutines.test.TestBuildersKt__TestBuildersKt                          : loaded 2 times (x 71B)
Class io.mockk.MockKGateway                                                           : loaded 2 times (x 70B)
Class kotlinx.coroutines.BuildersKt__Builders_commonKt                                : loaded 2 times (x 71B)
Class kotlinx.coroutines.CoroutineName$Key                                            : loaded 2 times (x 71B)
Class com.google.common.base.CharMatcher                                              : loaded 2 times (x 100B)
Class [Landroid.content.Intent;                                                       : loaded 2 times (x 69B)
Class com.notepay.domain.model.Wallet                                                 : loaded 2 times (x 72B)
Class kotlinx.coroutines.JobSupport$AwaitContinuation                                 : loaded 2 times (x 129B)
Class com.notepay.data.local.DatabaseMigrationTest                                    : loaded 2 times (x 71B)
Class kotlinx.coroutines.InvokeOnCancelling                                           : loaded 2 times (x 87B)
Class kotlinx.coroutines.flow.SharedFlow                                              : loaded 2 times (x 70B)
Class com.google.common.base.CharMatcher$NamedFastMatcher                             : loaded 2 times (x 101B)
Class com.google.common.base.CharMatcher$1                                            : loaded 2 times (x 102B)
Class org.robolectric.Shadows                                                         : loaded 2 times (x 81B)
Class kotlinx.coroutines.CancellableContinuationImplKt                                : loaded 2 times (x 71B)
Class kotlinx.coroutines.test.TestCoroutineScheduler$Key                              : loaded 2 times (x 71B)
Class io.mockk.impl.log.Slf4jLogger                                                   : loaded 2 times (x 84B)
Class kotlinx.coroutines.flow.MutableStateFlow                                        : loaded 2 times (x 70B)
Class com.google.common.collect.Maps$BiMapConverter                                   : loaded 2 times (x 83B)
Class android.database.DatabaseErrorHandler                                           : loaded 2 times (x 70B)
Class org.robolectric.interceptors.AndroidInterceptors                                : loaded 2 times (x 71B)
Class kotlinx.coroutines.channels.BufferedChannel                                     : loaded 2 times (x 142B)
Class kotlinx.coroutines.flow.StateFlow                                               : loaded 2 times (x 70B)
Class com.google.common.base.CharMatcher$InRange                                      : loaded 2 times (x 100B)
Class kotlinx.coroutines.Incomplete                                                   : loaded 2 times (x 70B)
Class android.content.AttributionSource                                               : loaded 2 times (x 108B)
Class androidx.datastore.preferences.core.PreferencesKeys                             : loaded 2 times (x 71B)
Class com.google.common.truth.SubjectUtils                                            : loaded 2 times (x 71B)
Class kotlinx.coroutines.flow.internal.AbstractSharedFlowKt                           : loaded 2 times (x 71B)
Class kotlinx.coroutines.flow.FlowKt__ReduceKt$first$$inlined$collectWhile$1          : loaded 2 times (x 75B)
Class kotlinx.coroutines.TimeoutCoroutine                                             : loaded 2 times (x 194B)
Class kotlinx.coroutines.test.internal.ExceptionCollector                             : loaded 2 times (x 92B)
Class kotlinx.coroutines.test.TestBuildersKt                                          : loaded 2 times (x 71B)
Class kotlinx.coroutines.CoroutineName                                                : loaded 2 times (x 89B)
Class kotlinx.coroutines.AbstractTimeSourceKt                                         : loaded 2 times (x 71B)
Class android.content.res.Resources$NotFoundException                                 : loaded 2 times (x 87B)
Class android.os.Build$VERSION                                                        : loaded 2 times (x 77B)
Class kotlinx.coroutines.CancelledContinuation                                        : loaded 2 times (x 72B)
Class kotlinx.coroutines.test.TestBuildersKt__TestBuildersKt$runTest$2$1$workRunner$1 : loaded 2 times (x 95B)
Class kotlinx.coroutines.flow.StateFlowKt                                             : loaded 2 times (x 71B)
Class com.google.common.truth.PrimitiveIntArraySubject                                : loaded 2 times (x 83B)
Class kotlinx.coroutines.Empty                                                        : loaded 2 times (x 75B)
Class com.google.common.collect.ImmutableList                                         : loaded 2 times (x 208B)
Class io.mockk.MockKMatcherScope                                                      : loaded 2 times (x 72B)
Class kotlinx.coroutines.channels.ChannelResult$Closed                                : loaded 2 times (x 72B)
Class kotlinx.coroutines.internal.ExceptionsConstructorKt                             : loaded 2 times (x 71B)
Class kotlinx.coroutines.YieldKt                                                      : loaded 2 times (x 71B)
Class com.notepay.domain.analytics.ForecastConfidence                                 : loaded 2 times (x 79B)
Class kotlinx.coroutines.CoroutineId$Key                                              : loaded 2 times (x 71B)
Class com.notepay.ui.feature.transaction.add.AddTransactionViewModelTest              : loaded 2 times (x 72B)
Class com.notepay.data.local.dao.SubscriptionDao                                      : loaded 2 times (x 70B)
Class kotlinx.coroutines.channels.BufferedChannel$receiveCatchingOnNoWaiterSuspend$1  : loaded 2 times (x 88B)
Class kotlinx.coroutines.test.UncompletedCoroutinesError                              : loaded 2 times (x 82B)
Class kotlinx.coroutines.scheduling.Task                                              : loaded 2 times (x 75B)
Class kotlinx.coroutines.BlockingCoroutine                                            : loaded 2 times (x 186B)
Class com.notepay.domain.repository.CategoryRepository                                : loaded 2 times (x 70B)
Class com.google.common.collect.ImmutableList$SubList                                 : loaded 2 times (x 209B)
Class com.google.common.truth.PrimitiveLongArraySubject                               : loaded 2 times (x 83B)
Class com.google.common.truth.GuavaOptionalSubject                                    : loaded 2 times (x 83B)
Class kotlinx.coroutines.DelayKt                                                      : loaded 2 times (x 71B)
Class kotlinx.coroutines.NotCompleted                                                 : loaded 2 times (x 70B)
Class kotlinx.coroutines.internal.ThreadSafeHeap                                      : loaded 2 times (x 72B)
Class androidx.room.RoomDatabase                                                      : loaded 2 times (x 102B)
Class kotlinx.coroutines.internal.LockFreeTaskQueue                                   : loaded 2 times (x 72B)
Class kotlinx.coroutines.scheduling.DefaultScheduler                                  : loaded 2 times (x 109B)
Class kotlinx.coroutines.Dispatchers                                                  : loaded 2 times (x 71B)
Class android.net.Uri                                                                 : loaded 2 times (x 122B)
Class com.notepay.ui.feature.transaction.add.FakeTransactionRepository                : loaded 2 times (x 83B)
Class kotlinx.coroutines.channels.ClosedReceiveChannelException                       : loaded 2 times (x 82B)
Class kotlinx.coroutines.intrinsics.CancellableKt                                     : loaded 2 times (x 71B)
Class com.google.common.collect.RegularImmutableSet                                   : loaded 2 times (x 148B)
Class org.robolectric.interceptors.AndroidInterceptors$SystemArrayCopyInterceptor     : loaded 2 times (x 75B)
Class com.notepay.domain.repository.BillSplitRepository                               : loaded 2 times (x 70B)
Class com.notepay.data.local.dao.TransactionDao                                       : loaded 2 times (x 70B)
Class com.google.common.collect.Iterables                                             : loaded 2 times (x 71B)
Class com.google.common.collect.ImmutableCollection$ArrayBasedBuilder                 : loaded 2 times (x 78B)
Class io.mockk.MockKGateway$InstanceFactoryRegistry                                   : loaded 2 times (x 70B)
Class android.content.SharedPreferences$Editor                                        : loaded 2 times (x 70B)
Class com.google.common.base.Splitter$Strategy                                        : loaded 2 times (x 70B)
Class org.robolectric.shadow.api.Shadow                                               : loaded 2 times (x 71B)
Class kotlinx.coroutines.flow.internal.CombineKt                                      : loaded 2 times (x 71B)
Class kotlinx.coroutines.channels.Channel$Factory                                     : loaded 2 times (x 71B)
Class com.google.common.truth.Ordered                                                 : loaded 2 times (x 70B)
Class kotlinx.coroutines.channels.BufferedChannel$BufferedChannelIterator             : loaded 2 times (x 80B)
Class kotlinx.coroutines.ExecutorCoroutineDispatcher$Key                              : loaded 2 times (x 72B)
Class kotlinx.coroutines.JobSupportKt                                                 : loaded 2 times (x 71B)
Class android.os.Handler                                                              : loaded 2 times (x 118B)

---------------  S Y S T E M  ---------------

OS:
 Windows 11 , 64 bit Build 26100 (10.0.26100.9444)
OS uptime: 0 days 13:47 hours
Hyper-V role detected

CPU: total 16 (initial active 16) (8 cores per cpu, 2 threads per core) family 6 model 154 stepping 3 microcode 0x423, cx8, cmov, fxsr, ht, mmx, 3dnowpref, sse, sse2, sse3, ssse3, sse4.1, sse4.2, popcnt, lzcnt, tsc, tscinvbit, avx, avx2, aes, erms, clmul, bmi1, bmi2, adx, sha, fma, vzeroupper, clflush, clflushopt, clwb, hv, serialize, rdtscp, rdpid, fsrm, f16c, cet_ibt, cet_ss
Processor Information for processor 0
  Max Mhz: 3100, Current Mhz: 3100, Mhz Limit: 3100
Processor Information for processor 1
  Max Mhz: 3100, Current Mhz: 3100, Mhz Limit: 3100
Processor Information for processor 2
  Max Mhz: 3100, Current Mhz: 3100, Mhz Limit: 3100
Processor Information for processor 3
  Max Mhz: 3100, Current Mhz: 3100, Mhz Limit: 3100
Processor Information for processor 4
  Max Mhz: 3100, Current Mhz: 3100, Mhz Limit: 3100
Processor Information for processor 5
  Max Mhz: 3100, Current Mhz: 3100, Mhz Limit: 3100
Processor Information for processor 6
  Max Mhz: 3100, Current Mhz: 3100, Mhz Limit: 3100
Processor Information for processor 7
  Max Mhz: 3100, Current Mhz: 3100, Mhz Limit: 3100
Processor Information for processor 8
  Max Mhz: 3100, Current Mhz: 2232, Mhz Limit: 2232
Processor Information for processor 9
  Max Mhz: 3100, Current Mhz: 2232, Mhz Limit: 2232
Processor Information for processor 10
  Max Mhz: 3100, Current Mhz: 2232, Mhz Limit: 2232
Processor Information for processor 11
  Max Mhz: 3100, Current Mhz: 2232, Mhz Limit: 2232
Processor Information for processor 12
  Max Mhz: 3100, Current Mhz: 2232, Mhz Limit: 2232
Processor Information for processor 13
  Max Mhz: 3100, Current Mhz: 2232, Mhz Limit: 2232
Processor Information for processor 14
  Max Mhz: 3100, Current Mhz: 2232, Mhz Limit: 2232
Processor Information for processor 15
  Max Mhz: 3100, Current Mhz: 2232, Mhz Limit: 2232

Memory: 4k page, system-wide physical 16088M (531M free)
TotalPageFile size 32472M (AvailPageFile size 11M)
current process WorkingSet (physical memory assigned to process): 532M, peak: 544M
current process commit charge ("private bytes"): 577M, peak: 587M

vm_info: OpenJDK 64-Bit Server VM (21.0.10+-14961533-b1163.108) for windows-amd64 JRE (21.0.10+-14961533-b1163.108), built on 2026-03-02T19:58:50Z by "builder" with MS VC++ 16.10 / 16.11 (VS2019)

END.
